<?xml version="1.0"?>
<doc>
    <assembly>
        <name>Hzdtf.Redis.Extend.Core</name>
    </assembly>
    <members>
        <member name="T:Hzdtf.Redis.Extend.Core.RedisConfigOptionParse">
            <summary>
            Redis配置选项解析
            @ 黄振东
            </summary>
        </member>
        <member name="M:Hzdtf.Redis.Extend.Core.RedisConfigOptionParse.Parse">
            <summary>
            解析
            </summary>
            <returns>Redis配置选项</returns>
        </member>
        <member name="T:Hzdtf.Redis.Extend.Core.RedisExtensions">
            <summary>
            Redis扩展类
            @ 黄振东
            </summary>
        </member>
        <member name="M:Hzdtf.Redis.Extend.Core.RedisExtensions.AddDistributedRedisCache(Microsoft.Extensions.DependencyInjection.IServiceCollection,System.String,System.String)">
            <summary>
            添加分布式Redis缓存
            </summary>
            <param name="services">服务收藏</param>
            <param name="key">键，默认是Master</param>
            <param name="instanceName">实例名，默认是Master</param>
            <returns>服务收藏</returns>
        </member>
    </members>
</doc>
