<?xml version="1.0"?>
<doc>
    <assembly>
        <name>Hzdtf.BasicFunction.Service.Contract.Standard</name>
    </assembly>
    <members>
        <member name="T:Hzdtf.BasicFunction.Service.Contract.Standard.BasicFunctionAutoMapperConfig">
            <summary>
            基本功能自动映射配置
            @ 黄振东
            </summary>
        </member>
        <member name="M:Hzdtf.BasicFunction.Service.Contract.Standard.BasicFunctionAutoMapperConfig.Register(AutoMapper.IMapperConfigurationExpression)">
            <summary>
            注册
            </summary>
            <param name="config">配置</param>
        </member>
        <member name="T:Hzdtf.BasicFunction.Service.Contract.Standard.Expand.Attachment.IAttachmentOwnerReader">
            <summary>
            附件归属读取接口
            @ 黄振东
            </summary>
        </member>
        <member name="M:Hzdtf.BasicFunction.Service.Contract.Standard.Expand.Attachment.IAttachmentOwnerReader.ReaderByOwnerType(System.Int16,Hzdtf.Utility.Standard.Model.BasicUserInfo)">
            <summary>
            根据归属类型读取附件归属信息
            </summary>
            <param name="type">归属类型</param>
            <param name="currUser">当前用户</param>
            <returns>附件归属信息</returns>
        </member>
        <member name="T:Hzdtf.BasicFunction.Service.Contract.Standard.Expand.Attachment.IAttachmentStore">
            <summary>
            附件存储接口
            @ 黄振东
            </summary>
        </member>
        <member name="M:Hzdtf.BasicFunction.Service.Contract.Standard.Expand.Attachment.IAttachmentStore.Upload(Hzdtf.Utility.Standard.Model.BasicUserInfo,Hzdtf.BasicFunction.Model.Standard.Expand.Attachment.AttachmentStreamInfo[])">
            <summary>
            上传
            </summary>
            <param name="currUser">当前用户</param>
            <param name="attachmentStream">附件流</param>
            <returns>返回信息</returns>
        </member>
        <member name="M:Hzdtf.BasicFunction.Service.Contract.Standard.Expand.Attachment.IAttachmentStore.Remove(Hzdtf.Utility.Standard.Model.BasicUserInfo,System.String[])">
            <summary>
            移除
            </summary>
            <param name="currUser">当前用户</param>
            <param name="fileAddress">文件地址</param>
            <returns>返回信息</returns>
        </member>
        <member name="T:Hzdtf.BasicFunction.Service.Contract.Standard.Expand.Sequence.ISequenceRule">
            <summary>
            序列规则接口
            @ 黄振东
            </summary>
        </member>
        <member name="M:Hzdtf.BasicFunction.Service.Contract.Standard.Expand.Sequence.ISequenceRule.BuilderNo(System.String,System.Byte,System.Int32,Hzdtf.Utility.Standard.Model.BasicUserInfo)">
            <summary>
            生成序列号
            </summary>
            <param name="seqType">序列类型</param>
            <param name="noLength">序列号长度</param>
            <param name="increment">增量</param>
            <param name="currUser">当前用户</param>
            <returns>序列号</returns>
        </member>
        <member name="T:Hzdtf.BasicFunction.Service.Contract.Standard.IAttachmentService">
            <summary>
            附件服务接口
            @ 黄振东
            </summary>
            <summary>
            附件服务接口
            @ 黄振东
            </summary>
        </member>
        <member name="M:Hzdtf.BasicFunction.Service.Contract.Standard.IAttachmentService.Upload(System.Collections.Generic.IList{Hzdtf.BasicFunction.Model.Standard.AttachmentInfo},System.Collections.Generic.IList{System.IO.Stream},Hzdtf.Utility.Standard.Model.BasicUserInfo)">
            <summary>
            上传
            </summary>
            <param name="attachments">附件信息列表</param>
            <param name="streams">文件流列表</param>
            <param name="currUser">当前用户</param>
            <returns>返回信息</returns>
        </member>
        <member name="M:Hzdtf.BasicFunction.Service.Contract.Standard.IAttachmentService.Upload(Hzdtf.BasicFunction.Model.Standard.AttachmentInfo,System.IO.Stream,Hzdtf.Utility.Standard.Model.BasicUserInfo)">
            <summary>
            上传
            </summary>
            <param name="attachment">附件信息</param>
            <param name="stream">文件流列表</param>
            <param name="currUser">当前用户</param>
            <returns>返回信息</returns>
        </member>
        <member name="M:Hzdtf.BasicFunction.Service.Contract.Standard.IAttachmentService.QueryByOwner(System.Int16,System.Int32,System.String,System.String,Hzdtf.Utility.Standard.Model.BasicUserInfo)">
            <summary>
            根据归属查询附件列表
            </summary>
            <param name="ownerType">归属类型</param>
            <param name="ownerId">归属ID</param>
            <param name="blurTitle">模糊标题</param>
            <param name="connectionId">连接ID</param>
            <param name="currUser">当前用户</param>
            <returns>返回信息</returns>
        </member>
        <member name="M:Hzdtf.BasicFunction.Service.Contract.Standard.IAttachmentService.CountByOwner(System.Int16,System.Int32,System.String,System.String,Hzdtf.Utility.Standard.Model.BasicUserInfo)">
            <summary>
            根据归属统计附件个数
            </summary>
            <param name="ownerType">归属类型</param>
            <param name="ownerId">归属ID</param>
            <param name="blurTitle">模糊标题</param>
            <param name="connectionId">连接ID</param>
            <param name="currUser">当前用户</param>
            <returns>返回信息</returns>
        </member>
        <member name="M:Hzdtf.BasicFunction.Service.Contract.Standard.IAttachmentService.ExistsByOwner(System.Int16,System.Int32,System.String,System.String,Hzdtf.Utility.Standard.Model.BasicUserInfo)">
            <summary>
            根据归属是否存在附件
            </summary>
            <param name="ownerType">归属类型</param>
            <param name="ownerId">归属ID</param>
            <param name="blurTitle">模糊标题</param>
            <param name="connectionId">连接ID</param>
            <param name="currUser">当前用户</param>
            <returns>返回信息</returns>
        </member>
        <member name="M:Hzdtf.BasicFunction.Service.Contract.Standard.IAttachmentService.RemoveByOwner(System.Int16,System.Int32,System.String,Hzdtf.Utility.Standard.Model.BasicUserInfo)">
            <summary>
            根据归属移除
            </summary>
            <param name="ownerType">归属类型</param>
            <param name="ownerId">归属ID</param>
            <param name="connectionId">连接ID</param>
            <param name="currUser">当前用户</param>
            <returns>返回信息</returns>
        </member>
        <member name="T:Hzdtf.BasicFunction.Service.Contract.Standard.IDataDictionaryItemService">
            <summary>
            数据字典子项服务接口
            @ 黄振东
            </summary>
            <summary>
            数据字典子项服务接口
            @ 黄振东
            </summary>
        </member>
        <member name="M:Hzdtf.BasicFunction.Service.Contract.Standard.IDataDictionaryItemService.QueryByDataDictionaryId(System.Int32,System.String,Hzdtf.Utility.Standard.Model.BasicUserInfo)">
            <summary>
            根据数据字典ID获取数据字典子项列表
            </summary>
            <param name="dataDictionaryId">数据字典ID</param>
            <param name="connectionId">连接ID</param>
            <param name="currUser">当前用户</param>
            <returns>返回信息</returns>
        </member>
        <member name="M:Hzdtf.BasicFunction.Service.Contract.Standard.IDataDictionaryItemService.QueryByDataDictionaryCode(System.String,System.String,Hzdtf.Utility.Standard.Model.BasicUserInfo)">
            <summary>
            根据数据字典编码获取数据字典子项列表
            </summary>
            <param name="dataDictionaryCode">数据字典编码</param>
            <param name="connectionId">连接ID</param>
            <param name="currUser">当前用户</param>
            <returns>返回信息</returns>
        </member>
        <member name="T:Hzdtf.BasicFunction.Service.Contract.Standard.IMenuService">
            <summary>
            菜单服务接口
            @ 黄振东
            </summary>
            <summary>
            菜单服务接口
            @ 黄振东
            </summary>
        </member>
        <member name="M:Hzdtf.BasicFunction.Service.Contract.Standard.IMenuService.QueryMenuTrees(System.String,Hzdtf.Utility.Standard.Model.BasicUserInfo)">
            <summary>
            查询菜单树列表
            </summary>
            <param name="connectionId">连接ID</param>
            <param name="currUser">当前用户</param>
            <returns>返回信息</returns>
        </member>
        <member name="T:Hzdtf.BasicFunction.Service.Contract.Standard.IRoleMenuFunctionService">
            <summary>
            角色菜单功能服务接口
            @ 黄振东
            </summary>
            <summary>
            角色菜单功能服务接口
            @ 黄振东
            </summary>
        </member>
        <member name="M:Hzdtf.BasicFunction.Service.Contract.Standard.IRoleMenuFunctionService.QueryMenuFunctionsByRoleId(System.Int32,System.String,Hzdtf.Utility.Standard.Model.BasicUserInfo)">
            <summary>
            根据角色ID查询菜单功能信息列表
            </summary>
            <param name="roleId">角色ID</param>
            <param name="connectionId">连接ID</param>
            <param name="currUser">当前用户</param>
            <returns>返回信息</returns>
        </member>
        <member name="M:Hzdtf.BasicFunction.Service.Contract.Standard.IRoleMenuFunctionService.SaveRoleMenuFunctions(System.Int32,System.Collections.Generic.IList{System.Int32},System.String,Hzdtf.Utility.Standard.Model.BasicUserInfo)">
            <summary>
            保存角色拥有的菜单功能信息列表
            </summary>
            <param name="roleId">角色ID</param>
            <param name="menuFunctionIds">菜单功能ID列表</param>
            <param name="connectionId">连接ID</param>
            <param name="currUser">当前用户</param>
            <returns>返回信息</returns>
        </member>
        <member name="T:Hzdtf.BasicFunction.Service.Contract.Standard.IRoleService">
            <summary>
            角色服务接口
            @ 黄振东
            </summary>
            <summary>
            角色服务接口
            @ 黄振东
            </summary>
        </member>
        <member name="M:Hzdtf.BasicFunction.Service.Contract.Standard.IRoleService.QueryAndNotSystemHide(System.String,Hzdtf.Utility.Standard.Model.BasicUserInfo)">
            <summary>
            查询角色列表并去掉系统隐藏
            </summary>
            <param name="connectionId">连接ID</param>
            <param name="currUser">当前用户</param>
            <returns>返回信息</returns>
        </member>
        <member name="M:Hzdtf.BasicFunction.Service.Contract.Standard.IRoleService.QueryByFilter(Hzdtf.Utility.Standard.Model.KeywordFilterInfo,System.String,Hzdtf.Utility.Standard.Model.BasicUserInfo)">
            <summary>
            根据筛选条件查询角色列表
            </summary>
            <param name="filter">筛选</param>
            <param name="connectionId">连接ID</param>
            <param name="currUser">当前用户</param>
            <returns>返回信息</returns>
        </member>
        <member name="T:Hzdtf.BasicFunction.Service.Contract.Standard.ISequenceService">
            <summary>
            序列服务接口
            @ 黄振东
            </summary>
            <summary>
            序列服务接口
            @ 黄振东
            </summary>
        </member>
        <member name="M:Hzdtf.BasicFunction.Service.Contract.Standard.ISequenceService.BuildNo(System.String,System.Byte,System.String,Hzdtf.Utility.Standard.Model.BasicUserInfo)">
            <summary>
            生成序列号
            </summary>
            <param name="seqType">序列类型</param>
            <param name="noLength">序列号长度</param>
            <param name="connectionId">连接ID</param>
            <param name="currUser">当前用户</param>
            <returns>返回信息</returns>
        </member>
        <member name="T:Hzdtf.BasicFunction.Service.Contract.Standard.IUserRoleService">
            <summary>
            用户角色服务接口
            @ 黄振东
            </summary>
            <summary>
            用户角色服务接口
            @ 黄振东
            </summary>
        </member>
        <member name="M:Hzdtf.BasicFunction.Service.Contract.Standard.IUserRoleService.OwnRolesByUserId(System.Int32,System.String,Hzdtf.Utility.Standard.Model.BasicUserInfo)">
            <summary>
            根据用户ID查询拥有的角色列表
            </summary>
            <param name="userId">用户ID</param>
            <param name="connectionId">连接ID</param>
            <param name="currUser">当前用户</param>
            <returns>返回信息</returns>
        </member>
        <member name="M:Hzdtf.BasicFunction.Service.Contract.Standard.IUserRoleService.OwnUsersByRoleId(System.Int32,System.String,Hzdtf.Utility.Standard.Model.BasicUserInfo)">
            <summary>
            根据角色ID查询拥有的用户列表
            </summary>
            <param name="roleId">角色ID</param>
            <param name="connectionId">连接ID</param>
            <param name="currUser">当前用户</param>
            <returns>返回信息</returns>
        </member>
        <member name="M:Hzdtf.BasicFunction.Service.Contract.Standard.IUserRoleService.OwnUsersByRoleCode(System.String,System.String,Hzdtf.Utility.Standard.Model.BasicUserInfo)">
            <summary>
            根据角色编码查询拥有的用户列表
            </summary>
            <param name="roleCode">角色编码</param>
            <param name="connectionId">连接ID</param>
            <param name="currUser">当前用户</param>
            <returns>返回信息</returns>
        </member>
        <member name="T:Hzdtf.BasicFunction.Service.Contract.Standard.User.IUserMenuService">
            <summary>
            用户菜单服务接口
            @ 黄振东
            </summary>
        </member>
        <member name="M:Hzdtf.BasicFunction.Service.Contract.Standard.User.IUserMenuService.CanAccessMenus(System.Int32,System.String,Hzdtf.Utility.Standard.Model.BasicUserInfo)">
            <summary>
            根据用户ID获取能访问的菜单列表
            </summary>
            <param name="userId">用户ID</param>
            <param name="connectionId">连接ID</param>
            <param name="currUser">当前用户</param>
            <returns>返回信息</returns>
        </member>
        <member name="T:Hzdtf.BasicFunction.Service.Contract.Standard.IUserService">
            <summary>
            用户服务接口
            @ 黄振东
            </summary>
            <summary>
            用户服务接口
            @ 黄振东
            </summary>
        </member>
        <member name="M:Hzdtf.BasicFunction.Service.Contract.Standard.IUserService.ModifyPasswordByLoginId(Hzdtf.BasicFunction.Model.Standard.Expand.User.CurrUserModifyPasswordInfo,System.String,Hzdtf.Utility.Standard.Model.BasicUserInfo)">
            <summary>
            根据登录ID修改密码
            </summary>
            <param name="currUserModifyPassword">当前用户修改密码</param>
            <param name="connectionId">连接ID</param>
            <param name="currUser">当前用户</param>
            <returns>返回信息</returns>
        </member>
        <member name="M:Hzdtf.BasicFunction.Service.Contract.Standard.IUserService.ResetUserPassword(Hzdtf.BasicFunction.Model.Standard.Expand.User.ModifyPasswordInfo,System.String,Hzdtf.Utility.Standard.Model.BasicUserInfo)">
            <summary>
            重置用户密码
            </summary>
            <param name="modifyPassword">修改密码</param>
            <param name="connectionId">连接ID</param>
            <param name="currUser">当前用户</param>
            <returns>返回信息</returns>
        </member>
        <member name="M:Hzdtf.BasicFunction.Service.Contract.Standard.IUserService.IsCurrUserPermission(System.String,System.String,System.String,Hzdtf.Utility.Standard.Model.BasicUserInfo)">
            <summary>
            根据菜单编码和功能编码判断当前用户是否有权限
            </summary>
            <param name="menuCode">菜单编码</param>
            <param name="functionCode">功能编码</param>
            <param name="connectionId">连接ID</param>
            <param name="currUser">当前用户</param>
            <returns>返回信息</returns>
        </member>
        <member name="M:Hzdtf.BasicFunction.Service.Contract.Standard.IUserService.IsCurrUserPermission(System.String,System.String[],System.String,Hzdtf.Utility.Standard.Model.BasicUserInfo)">
            <summary>
            根据菜单编码和功能编码集合判断当前用户是否有权限
            </summary>
            <param name="menuCode">菜单编码</param>
            <param name="functionCodes">功能编码集合</param>
            <param name="connectionId">连接ID</param>
            <param name="currUser">当前用户</param>
            <returns>返回信息</returns>
        </member>
        <member name="M:Hzdtf.BasicFunction.Service.Contract.Standard.IUserService.IsPermission(System.Int32,System.String,System.String[],System.String,Hzdtf.Utility.Standard.Model.BasicUserInfo)">
            <summary>
            根据用户ID、菜单编码和功能编码集合判断用户是否有权限
            </summary>
            <param name="userId">用户ID</param>
            <param name="menuCode">菜单编码</param>
            <param name="functionCodes">功能编码集合</param>
            <param name="connectionId">连接ID</param>
            <param name="currUser">当前用户</param>
            <returns>返回信息</returns>
        </member>
        <member name="M:Hzdtf.BasicFunction.Service.Contract.Standard.IUserService.QueryCurrUserOwnFunctionsByMenuCode(System.String,System.String,Hzdtf.Utility.Standard.Model.BasicUserInfo)">
            <summary>
            根据菜单编码查询当前用户所拥有的功能信息列表
            </summary>
            <param name="menuCode">菜单编码</param>
            <param name="connectionId">连接ID</param>
            <param name="currUser">当前用户</param>
            <returns>返回信息</returns>
        </member>
        <member name="M:Hzdtf.BasicFunction.Service.Contract.Standard.IUserService.QueryUserOwnFunctionsByMenuCode(System.Int32,System.String,System.String,Hzdtf.Utility.Standard.Model.BasicUserInfo)">
            <summary>
            根据用户ID和菜单编码查询用户所拥有的功能信息列表
            </summary>
            <param name="userId">用户ID</param>
            <param name="menuCode">菜单编码</param>
            <param name="connectionId">连接ID</param>
            <param name="currUser">当前用户</param>
            <returns>返回信息</returns>
        </member>
        <member name="M:Hzdtf.BasicFunction.Service.Contract.Standard.IUserService.IsCurrUserAdministrators(System.String,Hzdtf.Utility.Standard.Model.BasicUserInfo)">
            <summary>
            判断当前用户是否是系统管理组
            </summary>
            <param name="connectionId">连接ID</param>
            <param name="currUser">当前用户</param>
            <returns>返回信息</returns>
        </member>
        <member name="M:Hzdtf.BasicFunction.Service.Contract.Standard.IUserService.IsUserAdministrators(System.Int32,System.String,Hzdtf.Utility.Standard.Model.BasicUserInfo)">
            <summary>
            判断用户是否是系统管理组
            </summary>
            <param name="userId">用户ID</param>
            <param name="connectionId">连接ID</param>
            <param name="currUser">当前用户</param>
            <returns>返回信息</returns>
        </member>
        <member name="M:Hzdtf.BasicFunction.Service.Contract.Standard.IUserService.QueryByFilter(Hzdtf.BasicFunction.Model.Standard.Expand.User.UserFilterInfo,System.String,Hzdtf.Utility.Standard.Model.BasicUserInfo)">
            <summary>
            根据筛选条件查询用户列表
            </summary>
            <param name="filter">筛选</param>
            <param name="connectionId">连接ID</param>
            <param name="currUser">当前用户</param>
            <returns>返回信息</returns>
        </member>
        <member name="T:Hzdtf.BasicFunction.Service.Contract.Standard.IDataDictionaryItemExpandService">
            <summary>
            数据字典子项扩展服务接口
            @ 黄振东
            </summary>
        </member>
        <member name="T:Hzdtf.BasicFunction.Service.Contract.Standard.IDataDictionaryService">
            <summary>
            数据字典服务接口
            @ 黄振东
            </summary>
        </member>
        <member name="T:Hzdtf.BasicFunction.Service.Contract.Standard.IFunctionService">
            <summary>
            功能服务接口
            @ 黄振东
            </summary>
        </member>
        <member name="T:Hzdtf.BasicFunction.Service.Contract.Standard.IMenuFunctionService">
            <summary>
            菜单功能服务接口
            @ 黄振东
            </summary>
        </member>
        <member name="T:Hzdtf.BasicFunction.Service.Contract.Standard.IUserMenuFunctionService">
            <summary>
            用户菜单功能服务接口
            @ 黄振东
            </summary>
        </member>
    </members>
</doc>
