<?xml version="1.0"?>
<doc>
    <assembly>
        <name>Hzdtf.BasicFunction.Service.Autofac.Standard</name>
    </assembly>
    <members>
        <member name="T:Hzdtf.BasicFunction.Service.Autofac.Standard.PermissionValiInterceptor">
            <summary>
            权限验证拦截器
            @ 黄振东
            </summary>
        </member>
        <member name="M:Hzdtf.BasicFunction.Service.Autofac.Standard.PermissionValiInterceptor.Intercept(Hzdtf.Utility.Standard.Model.Return.BasicReturnInfo,Castle.DynamicProxy.IInvocation,Hzdtf.Utility.Standard.Attr.FunctionAttribute,System.Boolean@)">
            <summary>
            拦截
            </summary>
            <param name="basicReturn">基本返回</param>
            <param name="invocation">拦截参数</param>
            <param name="attr">特性</param>
            <param name="isExecProceeded">是否已执行</param>
        </member>
    </members>
</doc>
