<?xml version="1.0"?>
<doc>
    <assembly>
        <name>Hzdtf.BasicFunction.MySql.Standard</name>
    </assembly>
    <members>
        <member name="T:Hzdtf.BasicFunction.MySql.Standard.AttachmentPersistence">
            <summary>
            附件持久化
            @ 黄振东
            </summary>
            <summary>
            附件持久化
            @ 黄振东
            </summary>
        </member>
        <member name="M:Hzdtf.BasicFunction.MySql.Standard.AttachmentPersistence.SelectByOwner(System.Int16,System.Int32,System.String,System.String)">
            <summary>
            根据归属查询附件列表
            </summary>
            <param name="ownerType">归属类型</param>
            <param name="ownerId">归属ID</param>
            <param name="blurTitle">模糊标题</param>
            <param name="connectionId">连接ID</param>
            <returns>附件列表</returns>
        </member>
        <member name="M:Hzdtf.BasicFunction.MySql.Standard.AttachmentPersistence.CountByOwner(System.Int16,System.Int32,System.String,System.String)">
            <summary>
            根据归属查询统计附件个数
            </summary>
            <param name="ownerType">归属类型</param>
            <param name="ownerId">归属ID</param>
            <param name="blurTitle">模糊标题</param>
            <param name="connectionId">连接ID</param>
            <returns>附件个数</returns>
        </member>
        <member name="M:Hzdtf.BasicFunction.MySql.Standard.AttachmentPersistence.DeleteByOwner(System.Int16,System.Int32,System.String)">
            <summary>
            根据归属删除
            </summary>
            <param name="ownerType">归属类型</param>
            <param name="ownerId">归属ID</param>
            <param name="connectionId">连接ID</param>
            <returns>影响行数</returns>
        </member>
        <member name="M:Hzdtf.BasicFunction.MySql.Standard.AttachmentPersistence.AppendSelectPageWhereSql(System.Text.StringBuilder,Dapper.DynamicParameters,Hzdtf.Utility.Standard.Model.FilterInfo)">
            <summary>
            追加查询分页SQL
            </summary>
            <param name="whereSql">where语句</param>
            <param name="parameters">参数</param>
            <param name="filter">筛选</param>
        </member>
        <member name="P:Hzdtf.BasicFunction.MySql.Standard.AttachmentPersistence.Table">
            <summary>
            表名
            </summary>
        </member>
        <member name="F:Hzdtf.BasicFunction.MySql.Standard.AttachmentPersistence.INSERT_FIELD_NAMES">
            <summary>
            插入字段名称集合
            </summary>
        </member>
        <member name="F:Hzdtf.BasicFunction.MySql.Standard.AttachmentPersistence.UPDATE_FIELD_NAMES">
            <summary>
            更新字段名称集合
            </summary>
        </member>
        <member name="F:Hzdtf.BasicFunction.MySql.Standard.AttachmentPersistence.FIELD_MAP_PROPS">
            <summary>
            所有字段映射集合
            </summary>
        </member>
        <member name="M:Hzdtf.BasicFunction.MySql.Standard.AttachmentPersistence.GetValueByFieldName(Hzdtf.BasicFunction.Model.Standard.AttachmentInfo,System.String)">
            <summary>
            根据字段名获取模型的值
            </summary>
            <param name="model">模型</param>
            <param name="field">字段名</param>
            <returns>值</returns>
        </member>
        <member name="M:Hzdtf.BasicFunction.MySql.Standard.AttachmentPersistence.InsertFieldNames">
            <summary>
            插入字段名集合
            </summary>
            <returns>插入字段名集合</returns>
        </member>
        <member name="M:Hzdtf.BasicFunction.MySql.Standard.AttachmentPersistence.UpdateFieldNames">
            <summary>
            更新字段名称集合
            </summary>
            <returns>更新字段名称集合</returns>
        </member>
        <member name="M:Hzdtf.BasicFunction.MySql.Standard.AttachmentPersistence.AllFieldMapProps">
            <summary>
            所有字段映射集合
            </summary>
            <returns>所有字段映射集合</returns>
        </member>
        <member name="T:Hzdtf.BasicFunction.MySql.Standard.DataDictionaryItemExpandPersistence">
            <summary>
            数据字典子项扩展持久化
            @ 黄振东
            </summary>
            <summary>
            数据字典子项扩展持久化
            @ 黄振东
            </summary>
        </member>
        <member name="M:Hzdtf.BasicFunction.MySql.Standard.DataDictionaryItemExpandPersistence.SelectByDataDictionaryItemId(System.Int32,System.String)">
            <summary>
            根据数据字典子项ID查询数据字典子项扩展列表
            </summary>
            <param name="dataDictionaryItemId">数据字典子项ID</param>
            <param name="connectionId">连接ID</param>
            <returns>数据字典子项扩展列表</returns>
        </member>
        <member name="M:Hzdtf.BasicFunction.MySql.Standard.DataDictionaryItemExpandPersistence.AppendSelectPageWhereSql(System.Text.StringBuilder,Dapper.DynamicParameters,Hzdtf.Utility.Standard.Model.FilterInfo)">
            <summary>
            追加查询分页SQL
            </summary>
            <param name="whereSql">where语句</param>
            <param name="parameters">参数</param>
            <param name="filter">筛选</param>
        </member>
        <member name="P:Hzdtf.BasicFunction.MySql.Standard.DataDictionaryItemExpandPersistence.Table">
            <summary>
            表名
            </summary>
        </member>
        <member name="F:Hzdtf.BasicFunction.MySql.Standard.DataDictionaryItemExpandPersistence.INSERT_FIELD_NAMES">
            <summary>
            插入字段名称集合
            </summary>
        </member>
        <member name="F:Hzdtf.BasicFunction.MySql.Standard.DataDictionaryItemExpandPersistence.UPDATE_FIELD_NAMES">
            <summary>
            更新字段名称集合
            </summary>
        </member>
        <member name="F:Hzdtf.BasicFunction.MySql.Standard.DataDictionaryItemExpandPersistence.FIELD_MAP_PROPS">
            <summary>
            所有字段映射集合
            </summary>
        </member>
        <member name="M:Hzdtf.BasicFunction.MySql.Standard.DataDictionaryItemExpandPersistence.GetValueByFieldName(Hzdtf.BasicFunction.Model.Standard.DataDictionaryItemExpandInfo,System.String)">
            <summary>
            根据字段名获取模型的值
            </summary>
            <param name="model">模型</param>
            <param name="field">字段名</param>
            <returns>值</returns>
        </member>
        <member name="M:Hzdtf.BasicFunction.MySql.Standard.DataDictionaryItemExpandPersistence.InsertFieldNames">
            <summary>
            插入字段名集合
            </summary>
            <returns>插入字段名集合</returns>
        </member>
        <member name="M:Hzdtf.BasicFunction.MySql.Standard.DataDictionaryItemExpandPersistence.UpdateFieldNames">
            <summary>
            更新字段名称集合
            </summary>
            <returns>更新字段名称集合</returns>
        </member>
        <member name="M:Hzdtf.BasicFunction.MySql.Standard.DataDictionaryItemExpandPersistence.AllFieldMapProps">
            <summary>
            所有字段映射集合
            </summary>
            <returns>所有字段映射集合</returns>
        </member>
        <member name="T:Hzdtf.BasicFunction.MySql.Standard.DataDictionaryItemPersistence">
            <summary>
            数据字典子项持久化
            @ 黄振东
            </summary>
            <summary>
            数据字典子项持久化
            @ 黄振东
            </summary>
        </member>
        <member name="M:Hzdtf.BasicFunction.MySql.Standard.DataDictionaryItemPersistence.CountByDataItemIdAndText(System.Int32,System.String,System.String)">
            <summary>
            根据数据字典ID和文本统计个数
            </summary>
            <param name="dataDictionaryId">数据字典ID</param>
            <param name="text">文本</param>
            <param name="connectionId">连接ID</param>
            <returns>个数</returns>
        </member>
        <member name="M:Hzdtf.BasicFunction.MySql.Standard.DataDictionaryItemPersistence.CountByDataItemIdAndTextNotId(System.Int32,System.Int32,System.String,System.String)">
            <summary>
            根据数据字典ID和文本统计个数，但排除ID
            </summary>
            <param name="notId">排除ID</param>
            <param name="dataDictionaryId">数据字典ID</param>
            <param name="text">文本</param>
            <param name="connectionId">连接ID</param>
            <returns>个数</returns>
        </member>
        <member name="M:Hzdtf.BasicFunction.MySql.Standard.DataDictionaryItemPersistence.SelectByDataDictionaryId(System.Int32,System.String)">
            <summary>
            根据数据字典ID查询数据字典子项列表
            </summary>
            <param name="dataDictionaryId">数据字典ID</param>
            <param name="connectionId">连接ID</param>
            <returns>数据字典子项列表</returns>
        </member>
        <member name="M:Hzdtf.BasicFunction.MySql.Standard.DataDictionaryItemPersistence.SelectByDataDictionaryCode(System.String,System.String)">
            <summary>
            根据数据字典编码查询数据字典子项列表
            </summary>
            <param name="dataDictionaryCode">数据字典编码</param>
            <param name="connectionId">连接ID</param>
            <returns>数据字典子项列表</returns>
        </member>
        <member name="M:Hzdtf.BasicFunction.MySql.Standard.DataDictionaryItemPersistence.SlaveTables">
            <summary>
            从表集合
            Key:表名;Value:外键字段
            </summary>
            <returns>从表集合</returns>
        </member>
        <member name="M:Hzdtf.BasicFunction.MySql.Standard.DataDictionaryItemPersistence.AppendSelectPageWhereSql(System.Text.StringBuilder,Dapper.DynamicParameters,Hzdtf.Utility.Standard.Model.FilterInfo)">
            <summary>
            追加查询分页SQL
            </summary>
            <param name="whereSql">where语句</param>
            <param name="parameters">参数</param>
            <param name="filter">筛选</param>
        </member>
        <member name="P:Hzdtf.BasicFunction.MySql.Standard.DataDictionaryItemPersistence.Table">
            <summary>
            表名
            </summary>
        </member>
        <member name="F:Hzdtf.BasicFunction.MySql.Standard.DataDictionaryItemPersistence.INSERT_FIELD_NAMES">
            <summary>
            插入字段名称集合
            </summary>
        </member>
        <member name="F:Hzdtf.BasicFunction.MySql.Standard.DataDictionaryItemPersistence.UPDATE_FIELD_NAMES">
            <summary>
            更新字段名称集合
            </summary>
        </member>
        <member name="F:Hzdtf.BasicFunction.MySql.Standard.DataDictionaryItemPersistence.FIELD_MAP_PROPS">
            <summary>
            所有字段映射集合
            </summary>
        </member>
        <member name="M:Hzdtf.BasicFunction.MySql.Standard.DataDictionaryItemPersistence.GetValueByFieldName(Hzdtf.BasicFunction.Model.Standard.DataDictionaryItemInfo,System.String)">
            <summary>
            根据字段名获取模型的值
            </summary>
            <param name="model">模型</param>
            <param name="field">字段名</param>
            <returns>值</returns>
        </member>
        <member name="M:Hzdtf.BasicFunction.MySql.Standard.DataDictionaryItemPersistence.InsertFieldNames">
            <summary>
            插入字段名集合
            </summary>
            <returns>插入字段名集合</returns>
        </member>
        <member name="M:Hzdtf.BasicFunction.MySql.Standard.DataDictionaryItemPersistence.UpdateFieldNames">
            <summary>
            更新字段名称集合
            </summary>
            <returns>更新字段名称集合</returns>
        </member>
        <member name="M:Hzdtf.BasicFunction.MySql.Standard.DataDictionaryItemPersistence.AllFieldMapProps">
            <summary>
            所有字段映射集合
            </summary>
            <returns>所有字段映射集合</returns>
        </member>
        <member name="T:Hzdtf.BasicFunction.MySql.Standard.DataDictionaryPersistence">
            <summary>
            数据字典持久化
            @ 黄振东
            </summary>
            <summary>
            数据字典持久化
            @ 黄振东
            </summary>
        </member>
        <member name="M:Hzdtf.BasicFunction.MySql.Standard.DataDictionaryPersistence.GetPageKeywordFields">
            <summary>
            获取分页按关键字查询的字段集合
            </summary>
            <returns>分页按关键字查询的字段集合</returns>
        </member>
        <member name="M:Hzdtf.BasicFunction.MySql.Standard.DataDictionaryPersistence.SlaveTables">
            <summary>
            从表集合
            Key:表名;Value:外键字段
            </summary>
            <returns>从表集合</returns>
        </member>
        <member name="P:Hzdtf.BasicFunction.MySql.Standard.DataDictionaryPersistence.Table">
            <summary>
            表名
            </summary>
        </member>
        <member name="F:Hzdtf.BasicFunction.MySql.Standard.DataDictionaryPersistence.INSERT_FIELD_NAMES">
            <summary>
            插入字段名称集合
            </summary>
        </member>
        <member name="F:Hzdtf.BasicFunction.MySql.Standard.DataDictionaryPersistence.UPDATE_FIELD_NAMES">
            <summary>
            更新字段名称集合
            </summary>
        </member>
        <member name="F:Hzdtf.BasicFunction.MySql.Standard.DataDictionaryPersistence.FIELD_MAP_PROPS">
            <summary>
            所有字段映射集合
            </summary>
        </member>
        <member name="M:Hzdtf.BasicFunction.MySql.Standard.DataDictionaryPersistence.GetValueByFieldName(Hzdtf.BasicFunction.Model.Standard.DataDictionaryInfo,System.String)">
            <summary>
            根据字段名获取模型的值
            </summary>
            <param name="model">模型</param>
            <param name="field">字段名</param>
            <returns>值</returns>
        </member>
        <member name="M:Hzdtf.BasicFunction.MySql.Standard.DataDictionaryPersistence.InsertFieldNames">
            <summary>
            插入字段名集合
            </summary>
            <returns>插入字段名集合</returns>
        </member>
        <member name="M:Hzdtf.BasicFunction.MySql.Standard.DataDictionaryPersistence.UpdateFieldNames">
            <summary>
            更新字段名称集合
            </summary>
            <returns>更新字段名称集合</returns>
        </member>
        <member name="M:Hzdtf.BasicFunction.MySql.Standard.DataDictionaryPersistence.AllFieldMapProps">
            <summary>
            所有字段映射集合
            </summary>
            <returns>所有字段映射集合</returns>
        </member>
        <member name="T:Hzdtf.BasicFunction.MySql.Standard.FunctionPersistence">
            <summary>
            功能持久化
            @ 黄振东
            </summary>
            <summary>
            功能持久化
            @ 黄振东
            </summary>
        </member>
        <member name="M:Hzdtf.BasicFunction.MySql.Standard.FunctionPersistence.SlaveTables">
            <summary>
            从表集合
            Key:表名;Value:外键字段
            </summary>
            <returns>从表集合</returns>
        </member>
        <member name="P:Hzdtf.BasicFunction.MySql.Standard.FunctionPersistence.Table">
            <summary>
            表名
            </summary>
        </member>
        <member name="F:Hzdtf.BasicFunction.MySql.Standard.FunctionPersistence.INSERT_FIELD_NAMES">
            <summary>
            插入字段名称集合
            </summary>
        </member>
        <member name="F:Hzdtf.BasicFunction.MySql.Standard.FunctionPersistence.UPDATE_FIELD_NAMES">
            <summary>
            更新字段名称集合
            </summary>
        </member>
        <member name="F:Hzdtf.BasicFunction.MySql.Standard.FunctionPersistence.FIELD_MAP_PROPS">
            <summary>
            所有字段映射集合
            </summary>
        </member>
        <member name="M:Hzdtf.BasicFunction.MySql.Standard.FunctionPersistence.GetValueByFieldName(Hzdtf.BasicFunction.Model.Standard.FunctionInfo,System.String)">
            <summary>
            根据字段名获取模型的值
            </summary>
            <param name="model">模型</param>
            <param name="field">字段名</param>
            <returns>值</returns>
        </member>
        <member name="M:Hzdtf.BasicFunction.MySql.Standard.FunctionPersistence.InsertFieldNames">
            <summary>
            插入字段名集合
            </summary>
            <returns>插入字段名集合</returns>
        </member>
        <member name="M:Hzdtf.BasicFunction.MySql.Standard.FunctionPersistence.UpdateFieldNames">
            <summary>
            更新字段名称集合
            </summary>
            <returns>更新字段名称集合</returns>
        </member>
        <member name="M:Hzdtf.BasicFunction.MySql.Standard.FunctionPersistence.AllFieldMapProps">
            <summary>
            所有字段映射集合
            </summary>
            <returns>所有字段映射集合</returns>
        </member>
        <member name="T:Hzdtf.BasicFunction.MySql.Standard.MenuFunctionPersistence">
            <summary>
            菜单功能持久化
            @ 黄振东
            </summary>
            <summary>
            菜单功能持久化
            @ 黄振东
            </summary>
        </member>
        <member name="M:Hzdtf.BasicFunction.MySql.Standard.MenuFunctionPersistence.SlaveTables">
            <summary>
            从表集合
            Key:表名;Value:外键字段
            </summary>
            <returns>从表集合</returns>
        </member>
        <member name="P:Hzdtf.BasicFunction.MySql.Standard.MenuFunctionPersistence.Table">
            <summary>
            表名
            </summary>
        </member>
        <member name="F:Hzdtf.BasicFunction.MySql.Standard.MenuFunctionPersistence.INSERT_FIELD_NAMES">
            <summary>
            插入字段名称集合
            </summary>
        </member>
        <member name="F:Hzdtf.BasicFunction.MySql.Standard.MenuFunctionPersistence.UPDATE_FIELD_NAMES">
            <summary>
            更新字段名称集合
            </summary>
        </member>
        <member name="F:Hzdtf.BasicFunction.MySql.Standard.MenuFunctionPersistence.FIELD_MAP_PROPS">
            <summary>
            所有字段映射集合
            </summary>
        </member>
        <member name="M:Hzdtf.BasicFunction.MySql.Standard.MenuFunctionPersistence.GetValueByFieldName(Hzdtf.BasicFunction.Model.Standard.MenuFunctionInfo,System.String)">
            <summary>
            根据字段名获取模型的值
            </summary>
            <param name="model">模型</param>
            <param name="field">字段名</param>
            <returns>值</returns>
        </member>
        <member name="M:Hzdtf.BasicFunction.MySql.Standard.MenuFunctionPersistence.InsertFieldNames">
            <summary>
            插入字段名集合
            </summary>
            <returns>插入字段名集合</returns>
        </member>
        <member name="M:Hzdtf.BasicFunction.MySql.Standard.MenuFunctionPersistence.UpdateFieldNames">
            <summary>
            更新字段名称集合
            </summary>
            <returns>更新字段名称集合</returns>
        </member>
        <member name="M:Hzdtf.BasicFunction.MySql.Standard.MenuFunctionPersistence.AllFieldMapProps">
            <summary>
            所有字段映射集合
            </summary>
            <returns>所有字段映射集合</returns>
        </member>
        <member name="T:Hzdtf.BasicFunction.MySql.Standard.MenuPersistence">
            <summary>
            菜单持久化
            @ 黄振东
            </summary>
            <summary>
            菜单持久化
            @ 黄振东
            </summary>
        </member>
        <member name="P:Hzdtf.BasicFunction.MySql.Standard.MenuPersistence.FunctionPersistence">
            <summary>
            功能持久化
            </summary>
        </member>
        <member name="M:Hzdtf.BasicFunction.MySql.Standard.MenuPersistence.SelectByUserId(System.Int32,System.String)">
            <summary>
            根据用户ID查询具有权限的菜单列表
            </summary>
            <param name="userId">用户ID</param>
            <param name="connectionId">连接ID</param>
            <returns>菜单列表</returns>
        </member>
        <member name="M:Hzdtf.BasicFunction.MySql.Standard.MenuPersistence.SelectByRoleIds(System.Int32[],System.String)">
            <summary>
            根据角色ID集合查询具有权限的菜单列表
            </summary>
            <param name="roleIds">角色ID集合</param>
            <param name="connectionId">连接ID</param>
            <returns>菜单列表</returns>
        </member>
        <member name="M:Hzdtf.BasicFunction.MySql.Standard.MenuPersistence.SelectContainsFunctions(System.String)">
            <summary>
            查询所有菜单列表，包含所属的功能列表
            </summary>
            <param name="connectionId">连接ID</param>
            <returns>菜单列表</returns>
        </member>
        <member name="M:Hzdtf.BasicFunction.MySql.Standard.MenuPersistence.SlaveTables">
            <summary>
            从表集合
            Key:表名;Value:外键字段
            </summary>
            <returns>从表集合</returns>
        </member>
        <member name="P:Hzdtf.BasicFunction.MySql.Standard.MenuPersistence.Table">
            <summary>
            表名
            </summary>
        </member>
        <member name="F:Hzdtf.BasicFunction.MySql.Standard.MenuPersistence.INSERT_FIELD_NAMES">
            <summary>
            插入字段名称集合
            </summary>
        </member>
        <member name="F:Hzdtf.BasicFunction.MySql.Standard.MenuPersistence.UPDATE_FIELD_NAMES">
            <summary>
            更新字段名称集合
            </summary>
        </member>
        <member name="F:Hzdtf.BasicFunction.MySql.Standard.MenuPersistence.FIELD_MAP_PROPS">
            <summary>
            所有字段映射集合
            </summary>
        </member>
        <member name="M:Hzdtf.BasicFunction.MySql.Standard.MenuPersistence.GetValueByFieldName(Hzdtf.BasicFunction.Model.Standard.MenuInfo,System.String)">
            <summary>
            根据字段名获取模型的值
            </summary>
            <param name="model">模型</param>
            <param name="field">字段名</param>
            <returns>值</returns>
        </member>
        <member name="M:Hzdtf.BasicFunction.MySql.Standard.MenuPersistence.InsertFieldNames">
            <summary>
            插入字段名集合
            </summary>
            <returns>插入字段名集合</returns>
        </member>
        <member name="M:Hzdtf.BasicFunction.MySql.Standard.MenuPersistence.UpdateFieldNames">
            <summary>
            更新字段名称集合
            </summary>
            <returns>更新字段名称集合</returns>
        </member>
        <member name="M:Hzdtf.BasicFunction.MySql.Standard.MenuPersistence.AllFieldMapProps">
            <summary>
            所有字段映射集合
            </summary>
            <returns>所有字段映射集合</returns>
        </member>
        <member name="T:Hzdtf.BasicFunction.MySql.Standard.RoleMenuFunctionPersistence">
            <summary>
            角色菜单持久化
            @ 黄振东
            </summary>
            <summary>
            角色菜单功能持久化
            @ 黄振东
            </summary>
        </member>
        <member name="P:Hzdtf.BasicFunction.MySql.Standard.RoleMenuFunctionPersistence.FunctionPersistence">
            <summary>
            功能持久化
            </summary>
        </member>
        <member name="P:Hzdtf.BasicFunction.MySql.Standard.RoleMenuFunctionPersistence.MenuFunctionPersistence">
            <summary>
            菜单功能持久化
            </summary>
        </member>
        <member name="M:Hzdtf.BasicFunction.MySql.Standard.RoleMenuFunctionPersistence.CountByMenuCodeAndFunctionCodesAndRoleIds(System.String,System.String[],System.Int32[],System.String)">
            <summary>
            根据菜单编码、功能编码集合和角色ID集合统计个数
            </summary>
            <param name="menuCode">菜单编码</param>
            <param name="functionCodes">功能编码集合</param>
            <param name="roleIds">角色ID集合</param>
            <param name="connectionId">连接ID</param>
            <returns>个数</returns>
        </member>
        <member name="M:Hzdtf.BasicFunction.MySql.Standard.RoleMenuFunctionPersistence.SelectFunctionsByMenuCodeAndRoleIds(System.String,System.Int32[],System.String)">
            <summary>
            根据菜单编码和角色ID集合查询功能信息列表
            </summary>
            <param name="menuCode">菜单编码</param>
            <param name="roleIds">角色ID集合</param>
            <param name="connectionId">连接ID</param>
            <returns>功能信息列表</returns>
        </member>
        <member name="M:Hzdtf.BasicFunction.MySql.Standard.RoleMenuFunctionPersistence.SelectMenuFunctionsByRoleId(System.Int32,System.String)">
            <summary>
            根据角色ID查询菜单功能信息列表
            </summary>
            <param name="roleId">角色ID</param>
            <param name="connectionId">连接ID</param>
            <returns>菜单功能信息列表</returns>
        </member>
        <member name="M:Hzdtf.BasicFunction.MySql.Standard.RoleMenuFunctionPersistence.DeleteByRoleId(System.Int32,System.String)">
            <summary>
            根据用户ID删除
            </summary>
            <param name="roleId">角色ID</param>
            <param name="connectionId">连接ID</param>
            <returns>影响行数</returns>
        </member>
        <member name="P:Hzdtf.BasicFunction.MySql.Standard.RoleMenuFunctionPersistence.Table">
            <summary>
            表名
            </summary>
        </member>
        <member name="F:Hzdtf.BasicFunction.MySql.Standard.RoleMenuFunctionPersistence.INSERT_FIELD_NAMES">
            <summary>
            插入字段名称集合
            </summary>
        </member>
        <member name="F:Hzdtf.BasicFunction.MySql.Standard.RoleMenuFunctionPersistence.UPDATE_FIELD_NAMES">
            <summary>
            更新字段名称集合
            </summary>
        </member>
        <member name="F:Hzdtf.BasicFunction.MySql.Standard.RoleMenuFunctionPersistence.FIELD_MAP_PROPS">
            <summary>
            所有字段映射集合
            </summary>
        </member>
        <member name="M:Hzdtf.BasicFunction.MySql.Standard.RoleMenuFunctionPersistence.GetValueByFieldName(Hzdtf.BasicFunction.Model.Standard.RoleMenuFunctionInfo,System.String)">
            <summary>
            根据字段名获取模型的值
            </summary>
            <param name="model">模型</param>
            <param name="field">字段名</param>
            <returns>值</returns>
        </member>
        <member name="M:Hzdtf.BasicFunction.MySql.Standard.RoleMenuFunctionPersistence.InsertFieldNames">
            <summary>
            插入字段名集合
            </summary>
            <returns>插入字段名集合</returns>
        </member>
        <member name="M:Hzdtf.BasicFunction.MySql.Standard.RoleMenuFunctionPersistence.UpdateFieldNames">
            <summary>
            更新字段名称集合
            </summary>
            <returns>更新字段名称集合</returns>
        </member>
        <member name="M:Hzdtf.BasicFunction.MySql.Standard.RoleMenuFunctionPersistence.AllFieldMapProps">
            <summary>
            所有字段映射集合
            </summary>
            <returns>所有字段映射集合</returns>
        </member>
        <member name="T:Hzdtf.BasicFunction.MySql.Standard.RolePersistence">
            <summary>
            角色持久化
            @ 黄振东
            </summary>
            <summary>
            角色持久化
            @ 黄振东
            </summary>
        </member>
        <member name="M:Hzdtf.BasicFunction.MySql.Standard.RolePersistence.SelelctByCodeOrName(System.String,System.String,System.String)">
            <summary>
            根据编码或名称查询角色列表
            </summary>
            <param name="code">编码</param>
            <param name="name">名称</param>
            <param name="connectionId">连接ID</param>
            <returns>角色列表</returns>
        </member>
        <member name="M:Hzdtf.BasicFunction.MySql.Standard.RolePersistence.SelelctByCodeOrNameNotId(System.String,System.String,System.Int32,System.String)">
            <summary>
            根据编码或名称查询角色列表，但排除ID
            </summary>
            <param name="code">编码</param>
            <param name="name">名称</param>
            <param name="notId">排除ID</param>
            <param name="connectionId">连接ID</param>
            <returns>角色列表</returns>
        </member>
        <member name="M:Hzdtf.BasicFunction.MySql.Standard.RolePersistence.SelectAndNotSystemHide(System.String)">
            <summary>
            查询角色列表并去掉系统隐藏
            </summary>
            <param name="connectionId">连接ID</param>
            <returns>角色列表</returns>
        </member>
        <member name="M:Hzdtf.BasicFunction.MySql.Standard.RolePersistence.SelectByFilter(Hzdtf.Utility.Standard.Model.KeywordFilterInfo,System.String)">
            <summary>
            根据筛选条件查询角色列表
            </summary>
            <param name="filter">筛选</param>
            <param name="connectionId">连接ID</param>
            <returns>角色列表</returns>
        </member>
        <member name="M:Hzdtf.BasicFunction.MySql.Standard.RolePersistence.AppendSelectPageWhereSql(System.Text.StringBuilder,Dapper.DynamicParameters,Hzdtf.Utility.Standard.Model.FilterInfo)">
            <summary>
            追加查询分页SQL
            </summary>
            <param name="whereSql">where语句</param>
            <param name="parameters">参数</param>
            <param name="filter">筛选</param>
        </member>
        <member name="M:Hzdtf.BasicFunction.MySql.Standard.RolePersistence.GetPageKeywordFields">
            <summary>
            获取分页按关键字查询的字段集合
            </summary>
            <returns>分页按关键字查询的字段集合</returns>
        </member>
        <member name="M:Hzdtf.BasicFunction.MySql.Standard.RolePersistence.SlaveTables">
            <summary>
            从表集合
            Key:表名;Value:外键字段
            </summary>
            <returns>从表集合</returns>
        </member>
        <member name="P:Hzdtf.BasicFunction.MySql.Standard.RolePersistence.Table">
            <summary>
            表名
            </summary>
        </member>
        <member name="F:Hzdtf.BasicFunction.MySql.Standard.RolePersistence.INSERT_FIELD_NAMES">
            <summary>
            插入字段名称集合
            </summary>
        </member>
        <member name="F:Hzdtf.BasicFunction.MySql.Standard.RolePersistence.UPDATE_FIELD_NAMES">
            <summary>
            更新字段名称集合
            </summary>
        </member>
        <member name="F:Hzdtf.BasicFunction.MySql.Standard.RolePersistence.FIELD_MAP_PROPS">
            <summary>
            所有字段映射集合
            </summary>
        </member>
        <member name="M:Hzdtf.BasicFunction.MySql.Standard.RolePersistence.GetValueByFieldName(Hzdtf.BasicFunction.Model.Standard.RoleInfo,System.String)">
            <summary>
            根据字段名获取模型的值
            </summary>
            <param name="model">模型</param>
            <param name="field">字段名</param>
            <returns>值</returns>
        </member>
        <member name="M:Hzdtf.BasicFunction.MySql.Standard.RolePersistence.InsertFieldNames">
            <summary>
            插入字段名集合
            </summary>
            <returns>插入字段名集合</returns>
        </member>
        <member name="M:Hzdtf.BasicFunction.MySql.Standard.RolePersistence.UpdateFieldNames">
            <summary>
            更新字段名称集合
            </summary>
            <returns>更新字段名称集合</returns>
        </member>
        <member name="M:Hzdtf.BasicFunction.MySql.Standard.RolePersistence.AllFieldMapProps">
            <summary>
            所有字段映射集合
            </summary>
            <returns>所有字段映射集合</returns>
        </member>
        <member name="T:Hzdtf.BasicFunction.MySql.Standard.SequencePersistence">
            <summary>
            序列持久化
            @ 黄振东
            </summary>
            <summary>
            序列持久化
            @ 黄振东
            </summary>
        </member>
        <member name="M:Hzdtf.BasicFunction.MySql.Standard.SequencePersistence.SelectBySeqType(System.String,System.String)">
            <summary>
            根据序列类型查询序列信息
            </summary>
            <param name="seqType">序列类型</param>
            <param name="connectionId">连接ID</param>
            <returns>序列信息</returns>
        </member>
        <member name="M:Hzdtf.BasicFunction.MySql.Standard.SequencePersistence.UpdateIncrementById(Hzdtf.BasicFunction.Model.Standard.SequenceInfo,System.String)">
            <summary>
            根据ID更新增量
            </summary>
            <param name="sequenceInfo">序列信息</param>
            <param name="connectionId">连接ID</param>
            <returns>影响行数</returns>
        </member>
        <member name="P:Hzdtf.BasicFunction.MySql.Standard.SequencePersistence.Table">
            <summary>
            表名
            </summary>
        </member>
        <member name="F:Hzdtf.BasicFunction.MySql.Standard.SequencePersistence.INSERT_FIELD_NAMES">
            <summary>
            插入字段名称集合
            </summary>
        </member>
        <member name="F:Hzdtf.BasicFunction.MySql.Standard.SequencePersistence.UPDATE_FIELD_NAMES">
            <summary>
            更新字段名称集合
            </summary>
        </member>
        <member name="F:Hzdtf.BasicFunction.MySql.Standard.SequencePersistence.FIELD_MAP_PROPS">
            <summary>
            所有字段映射集合
            </summary>
        </member>
        <member name="M:Hzdtf.BasicFunction.MySql.Standard.SequencePersistence.GetValueByFieldName(Hzdtf.BasicFunction.Model.Standard.SequenceInfo,System.String)">
            <summary>
            根据字段名获取模型的值
            </summary>
            <param name="model">模型</param>
            <param name="field">字段名</param>
            <returns>值</returns>
        </member>
        <member name="M:Hzdtf.BasicFunction.MySql.Standard.SequencePersistence.InsertFieldNames">
            <summary>
            插入字段名集合
            </summary>
            <returns>插入字段名集合</returns>
        </member>
        <member name="M:Hzdtf.BasicFunction.MySql.Standard.SequencePersistence.UpdateFieldNames">
            <summary>
            更新字段名称集合
            </summary>
            <returns>更新字段名称集合</returns>
        </member>
        <member name="M:Hzdtf.BasicFunction.MySql.Standard.SequencePersistence.AllFieldMapProps">
            <summary>
            所有字段映射集合
            </summary>
            <returns>所有字段映射集合</returns>
        </member>
        <member name="T:Hzdtf.BasicFunction.MySql.Standard.UserMenuFunctionPersistence">
            <summary>
            用户菜单持久化
            @ 黄振东
            </summary>
            <summary>
            用户菜单功能持久化
            @ 黄振东
            </summary>
        </member>
        <member name="M:Hzdtf.BasicFunction.MySql.Standard.UserMenuFunctionPersistence.CountByMenuCodeAndFunctionCodesAndUserId(System.String,System.String[],System.Int32,System.String)">
            <summary>
            根据菜单编码、功能编码集合和用户ID统计个数
            </summary>
            <param name="menuCode">菜单编码</param>
            <param name="functionCodes">功能编码集合</param>
            <param name="userId">用户ID</param>
            <param name="connectionId">连接ID</param>
            <returns>个数</returns>
        </member>
        <member name="M:Hzdtf.BasicFunction.MySql.Standard.UserMenuFunctionPersistence.SelectFunctionsByMenuCodeAndUserId(System.String,System.Int32,System.String)">
            <summary>
            根据菜单编码和用户ID查询功能信息列表
            </summary>
            <param name="menuCode">菜单编码</param>
            <param name="userId">用户ID</param>
            <param name="connectionId">连接ID</param>
            <returns>功能信息列表</returns>
        </member>
        <member name="P:Hzdtf.BasicFunction.MySql.Standard.UserMenuFunctionPersistence.Table">
            <summary>
            表名
            </summary>
        </member>
        <member name="F:Hzdtf.BasicFunction.MySql.Standard.UserMenuFunctionPersistence.INSERT_FIELD_NAMES">
            <summary>
            插入字段名称集合
            </summary>
        </member>
        <member name="F:Hzdtf.BasicFunction.MySql.Standard.UserMenuFunctionPersistence.UPDATE_FIELD_NAMES">
            <summary>
            更新字段名称集合
            </summary>
        </member>
        <member name="F:Hzdtf.BasicFunction.MySql.Standard.UserMenuFunctionPersistence.FIELD_MAP_PROPS">
            <summary>
            所有字段映射集合
            </summary>
        </member>
        <member name="M:Hzdtf.BasicFunction.MySql.Standard.UserMenuFunctionPersistence.GetValueByFieldName(Hzdtf.BasicFunction.Model.Standard.UserMenuFunctionInfo,System.String)">
            <summary>
            根据字段名获取模型的值
            </summary>
            <param name="model">模型</param>
            <param name="field">字段名</param>
            <returns>值</returns>
        </member>
        <member name="M:Hzdtf.BasicFunction.MySql.Standard.UserMenuFunctionPersistence.InsertFieldNames">
            <summary>
            插入字段名集合
            </summary>
            <returns>插入字段名集合</returns>
        </member>
        <member name="M:Hzdtf.BasicFunction.MySql.Standard.UserMenuFunctionPersistence.UpdateFieldNames">
            <summary>
            更新字段名称集合
            </summary>
            <returns>更新字段名称集合</returns>
        </member>
        <member name="M:Hzdtf.BasicFunction.MySql.Standard.UserMenuFunctionPersistence.AllFieldMapProps">
            <summary>
            所有字段映射集合
            </summary>
            <returns>所有字段映射集合</returns>
        </member>
        <member name="T:Hzdtf.BasicFunction.MySql.Standard.UserRolePersistence">
            <summary>
            用户角色持久化
            @ 黄振东
            </summary>
            <summary>
            用户角色持久化
            @ 黄振东
            </summary>
        </member>
        <member name="P:Hzdtf.BasicFunction.MySql.Standard.UserRolePersistence.RolePersistence">
            <summary>
            角色持久化
            </summary>
        </member>
        <member name="P:Hzdtf.BasicFunction.MySql.Standard.UserRolePersistence.UserPersistence">
            <summary>
            用户持久化
            </summary>
        </member>
        <member name="M:Hzdtf.BasicFunction.MySql.Standard.UserRolePersistence.SelectRolesByUserId(System.Int32,System.String)">
            <summary>
            根据用户ID查询角色列表
            </summary>
            <param name="userId">用户ID</param>
            <param name="connectionId">连接ID</param>
            <returns>角色列表</returns>
        </member>
        <member name="M:Hzdtf.BasicFunction.MySql.Standard.UserRolePersistence.DeleteByUserId(System.Int32,System.String)">
            <summary>
            根据用户ID删除
            </summary>
            <param name="userId">用户ID</param>
            <param name="connectionId">连接ID</param>
            <returns>影响行数</returns>
        </member>
        <member name="M:Hzdtf.BasicFunction.MySql.Standard.UserRolePersistence.SelectContainsRoleByUserIds(System.Int32[],System.String)">
            <summary>
            根据用户ID集合查询用户角色列表，包含角色信息
            </summary>
            <param name="userIds">用户ID集合</param>
            <param name="connectionId">连接ID</param>
            <returns>用户角色列表</returns>
        </member>
        <member name="M:Hzdtf.BasicFunction.MySql.Standard.UserRolePersistence.SelectUsersByRoleId(System.Int32,System.String)">
            <summary>
            根据角色ID查询用户列表
            </summary>
            <param name="roleId">角色ID</param>
            <param name="connectionId">连接ID</param>
            <returns>用户列表</returns>
        </member>
        <member name="M:Hzdtf.BasicFunction.MySql.Standard.UserRolePersistence.SelectUsersByRoleCode(System.String,System.String)">
            <summary>
            根据角色编码查询用户列表
            </summary>
            <param name="roleCode">角色编码</param>
            <param name="connectionId">连接ID</param>
            <returns>用户列表</returns>
        </member>
        <member name="P:Hzdtf.BasicFunction.MySql.Standard.UserRolePersistence.Table">
            <summary>
            表名
            </summary>
        </member>
        <member name="F:Hzdtf.BasicFunction.MySql.Standard.UserRolePersistence.INSERT_FIELD_NAMES">
            <summary>
            插入字段名称集合
            </summary>
        </member>
        <member name="F:Hzdtf.BasicFunction.MySql.Standard.UserRolePersistence.UPDATE_FIELD_NAMES">
            <summary>
            更新字段名称集合
            </summary>
        </member>
        <member name="F:Hzdtf.BasicFunction.MySql.Standard.UserRolePersistence.FIELD_MAP_PROPS">
            <summary>
            所有字段映射集合
            </summary>
        </member>
        <member name="M:Hzdtf.BasicFunction.MySql.Standard.UserRolePersistence.GetValueByFieldName(Hzdtf.BasicFunction.Model.Standard.UserRoleInfo,System.String)">
            <summary>
            根据字段名获取模型的值
            </summary>
            <param name="model">模型</param>
            <param name="field">字段名</param>
            <returns>值</returns>
        </member>
        <member name="M:Hzdtf.BasicFunction.MySql.Standard.UserRolePersistence.InsertFieldNames">
            <summary>
            插入字段名集合
            </summary>
            <returns>插入字段名集合</returns>
        </member>
        <member name="M:Hzdtf.BasicFunction.MySql.Standard.UserRolePersistence.UpdateFieldNames">
            <summary>
            更新字段名称集合
            </summary>
            <returns>更新字段名称集合</returns>
        </member>
        <member name="M:Hzdtf.BasicFunction.MySql.Standard.UserRolePersistence.AllFieldMapProps">
            <summary>
            所有字段映射集合
            </summary>
            <returns>所有字段映射集合</returns>
        </member>
        <member name="T:Hzdtf.BasicFunction.MySql.Standard.UserPersistence">
            <summary>
            用户持久化
            @ 黄振东
            </summary>
            <summary>
            用户持久化
            @ 黄振东
            </summary>
        </member>
        <member name="M:Hzdtf.BasicFunction.MySql.Standard.UserPersistence.SelectByLoginIdAndPassword(System.String,System.String,System.String)">
            <summary>
            根据登录ID和密码查询用户信息
            </summary>
            <param name="loginId">登录ID</param>
            <param name="password">密码</param>
            <param name="connectionId">连接ID</param>
            <returns>用户信息</returns>
        </member>
        <member name="M:Hzdtf.BasicFunction.MySql.Standard.UserPersistence.UpdatePasswordById(Hzdtf.BasicFunction.Model.Standard.UserInfo,System.String)">
            <summary>
            根据ID更新密码
            </summary>
            <param name="user">用户</param>
            <param name="connectionId">连接ID</param>
            <returns>影响行数</returns>
        </member>
        <member name="M:Hzdtf.BasicFunction.MySql.Standard.UserPersistence.SelectByLoginIdOrCodeOrName(System.String,System.String,System.String,System.String)">
            <summary>
            根据登录ID或编码或名称查询用户信息
            </summary>
            <param name="loginId">登录ID</param>
            <param name="code">编码</param>
            <param name="name">名称</param>
            <param name="connectionId">连接ID</param>
            <returns>用户信息</returns>
        </member>
        <member name="M:Hzdtf.BasicFunction.MySql.Standard.UserPersistence.SelectByLoginIdOrCodeOrNameNotId(System.Int32,System.String,System.String,System.String,System.String)">
            <summary>
            根据登录ID或编码或名称查询用户信息，但排除ID
            </summary>
            <param name="notId">排除ID</param>
            <param name="loginId">登录ID</param>
            <param name="code">编码</param>
            <param name="name">名称</param>
            <param name="connectionId">连接ID</param>
            <returns>用户信息</returns>
        </member>
        <member name="M:Hzdtf.BasicFunction.MySql.Standard.UserPersistence.SelectByFilter(Hzdtf.BasicFunction.Model.Standard.Expand.User.UserFilterInfo,System.String)">
            <summary>
            根据筛选条件查询用户列表
            </summary>
            <param name="filter">筛选</param>
            <param name="connectionId">连接ID</param>
            <returns>用户列表</returns>
        </member>
        <member name="M:Hzdtf.BasicFunction.MySql.Standard.UserPersistence.GetPageKeywordFields">
            <summary>
            获取分页按关键字查询的字段集合
            </summary>
            <returns>分页按关键字查询的字段集合</returns>
        </member>
        <member name="M:Hzdtf.BasicFunction.MySql.Standard.UserPersistence.AppendSelectPageWhereSql(System.Text.StringBuilder,Dapper.DynamicParameters,Hzdtf.Utility.Standard.Model.FilterInfo)">
            <summary>
            追加查询分页SQL
            </summary>
            <param name="whereSql">where语句</param>
            <param name="parameters">参数</param>
            <param name="filter">筛选</param>
        </member>
        <member name="M:Hzdtf.BasicFunction.MySql.Standard.UserPersistence.GetSelectPageJoinSql(Dapper.DynamicParameters,Hzdtf.Utility.Standard.Model.FilterInfo)">
            <summary>
            获取查询分页连接SQL
            </summary>
            <param name="parameters">参数</param>
            <param name="filter">筛选</param>
            <returns>连接SQL语句</returns>
        </member>
        <member name="M:Hzdtf.BasicFunction.MySql.Standard.UserPersistence.SlaveTables">
            <summary>
            从表集合
            Key:表名;Value:外键字段
            </summary>
            <returns>从表集合</returns>
        </member>
        <member name="P:Hzdtf.BasicFunction.MySql.Standard.UserPersistence.Table">
            <summary>
            表名
            </summary>
        </member>
        <member name="F:Hzdtf.BasicFunction.MySql.Standard.UserPersistence.INSERT_FIELD_NAMES">
            <summary>
            插入字段名称集合
            </summary>
        </member>
        <member name="F:Hzdtf.BasicFunction.MySql.Standard.UserPersistence.UPDATE_FIELD_NAMES">
            <summary>
            更新字段名称集合
            </summary>
        </member>
        <member name="F:Hzdtf.BasicFunction.MySql.Standard.UserPersistence.FIELD_MAP_PROPS">
            <summary>
            所有字段映射集合
            </summary>
        </member>
        <member name="M:Hzdtf.BasicFunction.MySql.Standard.UserPersistence.GetValueByFieldName(Hzdtf.BasicFunction.Model.Standard.UserInfo,System.String)">
            <summary>
            根据字段名获取模型的值
            </summary>
            <param name="model">模型</param>
            <param name="field">字段名</param>
            <returns>值</returns>
        </member>
        <member name="M:Hzdtf.BasicFunction.MySql.Standard.UserPersistence.InsertFieldNames">
            <summary>
            插入字段名集合
            </summary>
            <returns>插入字段名集合</returns>
        </member>
        <member name="M:Hzdtf.BasicFunction.MySql.Standard.UserPersistence.UpdateFieldNames">
            <summary>
            更新字段名称集合
            </summary>
            <returns>更新字段名称集合</returns>
        </member>
        <member name="M:Hzdtf.BasicFunction.MySql.Standard.UserPersistence.AllFieldMapProps">
            <summary>
            所有字段映射集合
            </summary>
            <returns>所有字段映射集合</returns>
        </member>
    </members>
</doc>
