<?xml version="1.0"?>
<doc>
    <assembly>
        <name>Hzdtf.BasicFunction.MvcController.Core</name>
    </assembly>
    <members>
        <member name="T:Hzdtf.BasicFunction.MvcController.Core.AttachmentController">
            <summary>
            附件控制器
            @ 黄振东
            </summary>
            <summary>
            附件控制器
            @ 黄振东
            </summary>
        </member>
        <member name="M:Hzdtf.BasicFunction.MvcController.Core.AttachmentController.Post(Hzdtf.BasicFunction.Model.Standard.AttachmentInfo)">
            <summary>
            添加模型
            </summary>
            <param name="model">模型</param>
            <returns>返回信息</returns>
        </member>
        <member name="M:Hzdtf.BasicFunction.MvcController.Core.AttachmentController.Put(System.Int32,Hzdtf.BasicFunction.Model.Standard.AttachmentInfo)">
            <summary>
            修改模型
            </summary>
            <param name="id">ID</param>
            <param name="model">模型</param>
            <returns>返回信息</returns>
        </member>
        <member name="M:Hzdtf.BasicFunction.MvcController.Core.AttachmentController.Get(System.Int32)">
            <summary>
            根据ID查找附件
            </summary>
            <param name="id">ID</param>
            <returns>返回信息</returns>
        </member>
        <member name="M:Hzdtf.BasicFunction.MvcController.Core.AttachmentController.Page">
            <summary>
            执行分页获取数据
            </summary>
            <returns>分页返回信息</returns>
        </member>
        <member name="M:Hzdtf.BasicFunction.MvcController.Core.AttachmentController.List">
            <summary>
            根据附件归属条件获取附件列表
            </summary>
            <returns>返回信息</returns>
        </member>
        <member name="M:Hzdtf.BasicFunction.MvcController.Core.AttachmentController.DeleteByOwner(System.Int16,System.Int32)">
            <summary>
            根据归属移除附件
            </summary>
            <param name="ownerType">归属类型</param>
            <param name="ownerId">归属ID</param>
            <returns>返回信息</returns>
        </member>
        <member name="M:Hzdtf.BasicFunction.MvcController.Core.AttachmentController.FilterDownLoadPermissionFileAddress(System.Collections.Generic.IList{Hzdtf.BasicFunction.Model.Standard.AttachmentInfo})">
            <summary>
            过滤下载权限的文件地址
            </summary>
            <param name="attachments">附件列表</param>
            <returns>返回信息</returns>
        </member>
        <member name="M:Hzdtf.BasicFunction.MvcController.Core.AttachmentController.FilterDownLoadPermissionFileAddress(Hzdtf.BasicFunction.Model.Standard.AttachmentInfo)">
            <summary>
            过滤下载权限的文件地址
            </summary>
            <param name="attachment">附件</param>
            <returns>返回信息</returns>
        </member>
        <member name="M:Hzdtf.BasicFunction.MvcController.Core.AttachmentController.MenuCode">
            <summary>
            菜单编码
            </summary>
            <returns>菜单编码</returns>
        </member>
        <member name="T:Hzdtf.BasicFunction.MvcController.Core.Expand.Attachment.AttachmentExController">
            <summary>
            附件扩展控制器
            @ 黄振东
            </summary>
        </member>
        <member name="P:Hzdtf.BasicFunction.MvcController.Core.Expand.Attachment.AttachmentExController.AttachmentService">
            <summary>
            附件服务
            </summary>
        </member>
        <member name="M:Hzdtf.BasicFunction.MvcController.Core.Expand.Attachment.AttachmentExController.Upload(Hzdtf.BasicFunction.Model.Standard.Expand.Attachment.SimpleAttachmentInfo)">
            <summary>
            上传附件
            </summary>
            <param name="simpleAttachment">简单附件</param>
        </member>
        <member name="M:Hzdtf.BasicFunction.MvcController.Core.Expand.Attachment.AttachmentExController.BeforeUpload(Hzdtf.Utility.Standard.Model.Return.ReturnInfo{System.Boolean},Hzdtf.BasicFunction.Model.Standard.AttachmentInfo)">
            <summary>
            上传附件前
            </summary>
            <param name="returnInfo">返回信息</param>
            <param name="attachment">附件</param>
        </member>
        <member name="M:Hzdtf.BasicFunction.MvcController.Core.Expand.Attachment.AttachmentExController.AfterUpload(Hzdtf.Utility.Standard.Model.Return.ReturnInfo{System.Boolean},System.Collections.Generic.IList{Hzdtf.BasicFunction.Model.Standard.AttachmentInfo})">
            <summary>
            上传附件后
            </summary>
            <param name="returnInfo">返回信息</param>
            <param name="attachments">附件列表</param>
        </member>
        <member name="T:Hzdtf.BasicFunction.MvcController.Core.DataDictionaryItemController">
            <summary>
            数据字典子项控制器
            @ 黄振东
            </summary>
            <summary>
            数据字典子项控制器
            @ 黄振东
            </summary>
        </member>
        <member name="P:Hzdtf.BasicFunction.MvcController.Core.DataDictionaryItemController.DataDictionaryService">
            <summary>
            数据字典服务
            </summary>
        </member>
        <member name="P:Hzdtf.BasicFunction.MvcController.Core.DataDictionaryItemController.DataDictionaryItemExpandService">
            <summary>
            数据字典子项扩展服务
            </summary>
        </member>
        <member name="M:Hzdtf.BasicFunction.MvcController.Core.DataDictionaryItemController.DataDictionarys">
            <summary>
            查询所有的数据字典列表
            </summary>
            <returns>数据字典列表</returns>
        </member>
        <member name="M:Hzdtf.BasicFunction.MvcController.Core.DataDictionaryItemController.PageExpandList(System.Int32,System.Int32)">
            <summary>
            执行分页获取数据
            </summary>
            <param name="page">页码，从1开始</param>
            <param name="rows">每页记录数</param>
            <returns>分页返回信息</returns>
        </member>
        <member name="M:Hzdtf.BasicFunction.MvcController.Core.DataDictionaryItemController.MenuCode">
            <summary>
            菜单编码
            </summary>
            <returns>菜单编码</returns>
        </member>
        <member name="T:Hzdtf.BasicFunction.MvcController.Core.RoleController">
            <summary>
            角色控制器
            @ 黄振东
            </summary>
            <summary>
            角色控制器
            @ 黄振东
            </summary>
        </member>
        <member name="M:Hzdtf.BasicFunction.MvcController.Core.RoleController.Export">
            <summary>
            导出
            </summary>
            <returns>文件内容结果</returns>
        </member>
        <member name="M:Hzdtf.BasicFunction.MvcController.Core.RoleController.MenuCode">
            <summary>
            菜单编码
            </summary>
            <returns>菜单编码</returns>
        </member>
        <member name="T:Hzdtf.BasicFunction.MvcController.Core.UserController">
            <summary>
            用户控制器
            @ 黄振东
            </summary>
            <summary>
            用户控制器
            @ 黄振东
            </summary>
        </member>
        <member name="P:Hzdtf.BasicFunction.MvcController.Core.UserController.RoleService">
            <summary>
            角色服务
            </summary>
        </member>
        <member name="M:Hzdtf.BasicFunction.MvcController.Core.UserController.ModifyCurrUserPassword(Hzdtf.BasicFunction.Model.Standard.Expand.User.CurrUserModifyPasswordInfo)">
            <summary>
            修改当前用户密码
            </summary>
            <param name="currUserModifyPassword">当前用户修改密码</param>
            <returns>返回信息</returns>
        </member>
        <member name="M:Hzdtf.BasicFunction.MvcController.Core.UserController.ResetUserPassword(Hzdtf.BasicFunction.Model.Standard.Expand.User.ModifyPasswordInfo,System.String)">
            <summary>
            重置用户密码
            </summary>
            <param name="modifyPassword">修改密码</param>
            <param name="connectionId">连接ID</param>
            <returns>返回信息</returns>
        </member>
        <member name="M:Hzdtf.BasicFunction.MvcController.Core.UserController.Export">
            <summary>
            导出
            </summary>
            <returns>文件内容结果</returns>
        </member>
        <member name="M:Hzdtf.BasicFunction.MvcController.Core.UserController.AppendPageData(Hzdtf.Utility.Standard.Model.Return.ReturnInfo{Hzdtf.BasicFunction.Model.Standard.Expand.User.UserPageInfo})">
            <summary>
            追加页面数据
            </summary>
            <param name="returnInfo">返回信息</param>
        </member>
        <member name="M:Hzdtf.BasicFunction.MvcController.Core.UserController.MenuCode">
            <summary>
            菜单编码
            </summary>
            <returns>菜单编码</returns>
        </member>
        <member name="T:Hzdtf.BasicFunction.MvcController.Core.Home.AuthorizationController">
            <summary>
            授权控制器
            @ 黄振东
            </summary>
        </member>
        <member name="P:Hzdtf.BasicFunction.MvcController.Core.Home.AuthorizationController.IdentityAuth">
            <summary>
            身份授权
            </summary>
        </member>
        <member name="P:Hzdtf.BasicFunction.MvcController.Core.Home.AuthorizationController.IdentityBasicAuth">
            <summary>
            身份基本授权
            </summary>
        </member>
        <member name="P:Hzdtf.BasicFunction.MvcController.Core.Home.AuthorizationController.IdentityExit">
            <summary>
            身份退出
            </summary>
        </member>
        <member name="P:Hzdtf.BasicFunction.MvcController.Core.Home.AuthorizationController.IdentityTokenAuth">
            <summary>
            身份令牌授权
            </summary>
        </member>
        <member name="P:Hzdtf.BasicFunction.MvcController.Core.Home.AuthorizationController.AppConfig">
            <summary>
            应用配置
            </summary>
        </member>
        <member name="P:Hzdtf.BasicFunction.MvcController.Core.Home.AuthorizationController.IsDisabledLogin">
            <summary>
            是否禁用登录
            </summary>
        </member>
        <member name="M:Hzdtf.BasicFunction.MvcController.Core.Home.AuthorizationController.Login(Hzdtf.Utility.Standard.Model.LoginInfo)">
            <summary>
            登录
            </summary>
            <param name="loginInfo">登录信息</param>
            <returns>返回信息</returns>
        </member>
        <member name="M:Hzdtf.BasicFunction.MvcController.Core.Home.AuthorizationController.LoginToToken(Hzdtf.Utility.Standard.Model.LoginInfo)">
            <summary>
            登录并返回令牌
            </summary>
            <param name="loginInfo">登录信息</param>
            <returns>返回信息</returns>
        </member>
        <member name="M:Hzdtf.BasicFunction.MvcController.Core.Home.AuthorizationController.Logout">
            <summary>
            登出
            </summary>
            <returns>返回信息</returns>
        </member>
        <member name="M:Hzdtf.BasicFunction.MvcController.Core.Home.AuthorizationController.GetIsVerificationCode">
            <summary>
            获取是否需要验证码
            </summary>
            <returns>返回信息</returns>
        </member>
        <member name="M:Hzdtf.BasicFunction.MvcController.Core.Home.AuthorizationController.ExecLogin(Hzdtf.Utility.Standard.Model.LoginInfo,System.Action{System.String,System.String,Hzdtf.Utility.Standard.Model.Return.ReturnInfo{Hzdtf.Utility.Standard.Model.LoginReturnInfo}})">
            <summary>
            执行登录
            </summary>
            <param name="loginInfo">登录信息</param>
            <param name="callbackLogin">回调登录</param>
            <returns>返回信息</returns>
        </member>
        <member name="M:Hzdtf.BasicFunction.MvcController.Core.Home.AuthorizationController.IsNeedIsVerificationCode">
            <summary>
            判断是否需要验证码
            </summary>
            <returns>是否需要验证码</returns>
        </member>
        <member name="T:Hzdtf.BasicFunction.MvcController.Core.Home.HomeController">
            <summary>
            主页控制器
            @ 黄振东
            </summary>
        </member>
        <member name="P:Hzdtf.BasicFunction.MvcController.Core.Home.HomeController.UserMenuService">
            <summary>
            用户菜单服务
            </summary>
        </member>
        <member name="M:Hzdtf.BasicFunction.MvcController.Core.Home.HomeController.Index">
            <summary>
            主页
            </summary>
            <returns>动作结果</returns>
        </member>
        <member name="T:Hzdtf.BasicFunction.MvcController.Core.Other.ImageController">
            <summary>
            图片控制器
            @ 黄振东
            </summary>
        </member>
        <member name="P:Hzdtf.BasicFunction.MvcController.Core.Other.ImageController.AppConfig">
            <summary>
            应用配置
            </summary>
        </member>
        <member name="M:Hzdtf.BasicFunction.MvcController.Core.Other.ImageController.BuilderCheckCode">
            <summary>
            生成验证码
            </summary>
        </member>
        <member name="T:Hzdtf.BasicFunction.MvcController.Core.PermissionSet.RolePermissionController">
            <summary>
            角色权限控制器
            @ 黄振东
            </summary>
        </member>
        <member name="P:Hzdtf.BasicFunction.MvcController.Core.PermissionSet.RolePermissionController.MenuService">
            <summary>
            菜单服务
            </summary>
        </member>
        <member name="P:Hzdtf.BasicFunction.MvcController.Core.PermissionSet.RolePermissionController.RoleMenuFunctionService">
            <summary>
            角色菜单功能服务
            </summary>
        </member>
        <member name="M:Hzdtf.BasicFunction.MvcController.Core.PermissionSet.RolePermissionController.MenuTrees">
            <summary>
            获取菜单树列表（包含菜单及所拥有的功能列表）
            </summary>
            <returns>返回信息</returns>
        </member>
        <member name="M:Hzdtf.BasicFunction.MvcController.Core.PermissionSet.RolePermissionController.HaveMenuFunctions(System.Int32)">
            <summary>
            获取角色拥有的功能菜单信息列表
            </summary>
            <param name="roleId">角色ID</param>
            <returns>返回信息</returns>
        </member>
        <member name="M:Hzdtf.BasicFunction.MvcController.Core.PermissionSet.RolePermissionController.SavePermission(System.Int32,System.Collections.Generic.IList{System.Int32})">
            <summary>
            保存权限
            </summary>
            <param name="roleId">角色ID</param>
            <param name="menuFunctionIds">菜单功能ID列表</param>
            <returns>返回信息</returns>
        </member>
        <member name="M:Hzdtf.BasicFunction.MvcController.Core.PermissionSet.RolePermissionController.MenuCode">
            <summary>
            菜单编码
            </summary>
            <returns>菜单编码</returns>
        </member>
    </members>
</doc>
