<?xml version="1.0"?>
<doc>
    <assembly>
        <name>Hzdtf.Persistence.Autofac.Standard</name>
    </assembly>
    <members>
        <member name="T:Hzdtf.Persistence.Autofac.Standard.TransactionInterceptor">
            <summary>
            事务拦截器
            connectionId是关键点，引用方法必须要指定该参数的索引位置
            此拦截器会根据索引位置获取到connectionId，如果之前有设置值，则在本拦截器里不会开启新的事务
            开启了新事务后，会执行业务方法会把新创建的connectionId传入到业务方法对应参数里
            如果业务方法里有抛出异常或返回值为ReturnInfo.Code失败，则会回滚
            @ 黄振东
            </summary>
        </member>
        <member name="M:Hzdtf.Persistence.Autofac.Standard.TransactionInterceptor.Intercept(Hzdtf.Utility.Standard.Model.Return.BasicReturnInfo,Castle.DynamicProxy.IInvocation,Hzdtf.Utility.Standard.Attr.TransactionAttribute,System.Boolean@)">
            <summary>
            拦截
            </summary>
            <param name="basicReturn">基本返回</param>
            <param name="invocation">拦截参数</param>
            <param name="attr">特性</param>
            <param name="isExecProceeded">是否已执行</param>
        </member>
    </members>
</doc>
