<?xml version="1.0"?>
<doc>
    <assembly>
        <name>Hzdtf.WorkFlow.Service.Impl.Standard</name>
    </assembly>
    <members>
        <member name="T:Hzdtf.WorkFlow.Service.Impl.Standard.Engine.Diversion.FindFlowCensorship">
            <summary>
            查找流程关卡
            @ 黄振东
            </summary>
        </member>
        <member name="P:Hzdtf.WorkFlow.Service.Impl.Standard.Engine.Diversion.FindFlowCensorship.WorkflowPersistence">
            <summary>
            工作流持久化
            </summary>
        </member>
        <member name="P:Hzdtf.WorkFlow.Service.Impl.Standard.Engine.Diversion.FindFlowCensorship.WorkflowHandlePersistence">
            <summary>
            工作流处理持久化
            </summary>
        </member>
        <member name="P:Hzdtf.WorkFlow.Service.Impl.Standard.Engine.Diversion.FindFlowCensorship.FindHandlerSupervisorUser">
            <summary>
            查找处理者上一级用户
            </summary>
        </member>
        <member name="P:Hzdtf.WorkFlow.Service.Impl.Standard.Engine.Diversion.FindFlowCensorship.FindHandlerRoleUser">
            <summary>
            查找处理者角色用户
            </summary>
        </member>
        <member name="P:Hzdtf.WorkFlow.Service.Impl.Standard.Engine.Diversion.FindFlowCensorship.FindHandlerConcreteUser">
            <summary>
            查找处理者具体用户
            </summary>
        </member>
        <member name="M:Hzdtf.WorkFlow.Service.Impl.Standard.Engine.Diversion.FindFlowCensorship.NextHandler(Hzdtf.WorkFlow.Model.Standard.Expand.Diversion.FlowCensorshipInInfo,System.String,Hzdtf.Utility.Standard.Model.BasicUserInfo)">
            <summary>
            查找下一个处理信息
            </summary>
            <param name="findFlowCensorshipIn">查找流程关卡输入</param>
            <param name="connectionId">连接ID</param>
            <param name="currUser">当前用户</param>
            <returns>返回信息</returns>
        </member>
        <member name="M:Hzdtf.WorkFlow.Service.Impl.Standard.Engine.Diversion.FindFlowCensorship.ExecReturnFuncAndConnectionId``1(System.Func{Hzdtf.Utility.Standard.Model.Return.ReturnInfo{``0},System.String,``0},Hzdtf.Utility.Standard.Model.Return.ReturnInfo{``0},System.String,Hzdtf.Utility.Standard.Enums.AccessMode)">
            <summary>
            执行返回函数且带有连接ID
            </summary>
            <typeparam name="OutT">输出类型</typeparam>
            <param name="func">函数</param>
            <param name="returnInfo">返回信息</param>
            <param name="connectionId">连接ID</param>
            <param name="accessMode">访问模式</param>
            <returns>返回信息</returns>
        </member>
        <member name="M:Hzdtf.WorkFlow.Service.Impl.Standard.Engine.Diversion.FindFlowCensorship.ExecReturnFunc``1(System.Func{Hzdtf.Utility.Standard.Model.Return.ReturnInfo{``0},``0},Hzdtf.Utility.Standard.Model.Return.ReturnInfo{``0})">
            <summary>
            执行返回函数
            </summary>
            <typeparam name="OutT">输出类型</typeparam>
            <param name="func">函数</param>
            <param name="returnInfo">返回信息</param>
            <returns>返回信息</returns>
        </member>
        <member name="M:Hzdtf.WorkFlow.Service.Impl.Standard.Engine.Diversion.FindFlowCensorship.ExecProcConnectionId(System.Action{System.String},System.String,Hzdtf.Utility.Standard.Enums.AccessMode)">
            <summary>
            执行连接ID过程
            如果传过来的连接ID为空，则会创建新的连接ID，结束后会自动注释连接ID，否则不会
            </summary>
            <param name="action">动作</param>
            <param name="connectionId">连接ID</param>
            <param name="accessMode">访问模式</param>
        </member>
        <member name="M:Hzdtf.WorkFlow.Service.Impl.Standard.Engine.Diversion.FindFlowCensorship.ApplyHandle(Hzdtf.Utility.Standard.Model.Return.ReturnInfo{Hzdtf.WorkFlow.Model.Standard.Expand.Diversion.FlowCensorshipOutInfo},Hzdtf.WorkFlow.Model.Standard.Expand.Diversion.FlowCensorshipInInfo,System.String,Hzdtf.Utility.Standard.Model.BasicUserInfo)">
            <summary>
            申请者处理
            </summary>
            <param name="returnInfo">返回信息</param>
            <param name="findFlowCensorshipIn">查找流程关卡输入</param>
            <param name="connectionId">连接ID</param>
            <param name="currUser">当前用户</param>
        </member>
        <member name="M:Hzdtf.WorkFlow.Service.Impl.Standard.Engine.Diversion.FindFlowCensorship.AuditHandle(Hzdtf.Utility.Standard.Model.Return.ReturnInfo{Hzdtf.WorkFlow.Model.Standard.Expand.Diversion.FlowCensorshipOutInfo},Hzdtf.WorkFlow.Model.Standard.Expand.Diversion.FlowCensorshipInInfo,System.String,Hzdtf.Utility.Standard.Model.BasicUserInfo)">
            <summary>
            审核处理
            </summary>
            <param name="returnInfo">返回信息</param>
            <param name="findFlowCensorshipIn">查找流程关卡输入</param>
            <param name="connectionId">连接ID</param>
            <param name="currUser">当前用户</param>
        </member>
        <member name="M:Hzdtf.WorkFlow.Service.Impl.Standard.Engine.Diversion.FindFlowCensorship.FindSendNextFlowCensorships(Hzdtf.Utility.Standard.Model.Return.ReturnInfo{Hzdtf.WorkFlow.Model.Standard.Expand.Diversion.FlowCensorshipOutInfo},Hzdtf.WorkFlow.Model.Standard.Expand.Diversion.FlowCensorshipInInfo,System.Int32)">
            <summary>
            根据当前流程关卡ID查找下一个送件流程关卡数组
            </summary>
            <param name="returnInfo">返回信息</param>
            <param name="findFlowCensorshipIn">查找流程关卡输入</param>
            <param name="currFlowCensorshipId">当前流程关卡ID</param>
            <returns>下一个送件流程关卡数组</returns>
        </member>
        <member name="M:Hzdtf.WorkFlow.Service.Impl.Standard.Engine.Diversion.FindFlowCensorship.FindReturnNextFlowCensorships(Hzdtf.Utility.Standard.Model.Return.ReturnInfo{Hzdtf.WorkFlow.Model.Standard.Expand.Diversion.FlowCensorshipOutInfo},Hzdtf.WorkFlow.Model.Standard.Expand.Diversion.FlowCensorshipInInfo,System.Int32)">
            <summary>
            根据当前流程关卡ID查找下一个退件流程关卡数组
            </summary>
            <param name="returnInfo">返回信息</param>
            <param name="findFlowCensorshipIn">查找流程关卡输入</param>
            <param name="currFlowCensorshipId">当前流程关卡ID</param>
            <returns>下一个退件流程关卡数组</returns>
        </member>
        <member name="M:Hzdtf.WorkFlow.Service.Impl.Standard.Engine.Diversion.FindFlowCensorship.FindStandardCensorshipByStandardCode(Hzdtf.WorkFlow.Model.Standard.Expand.Diversion.FlowCensorshipInInfo,System.String)">
            <summary>
            根据标准关卡编码查找标准流程关卡
            </summary>
            <param name="findFlowCensorshipIn">查找流程关卡输入</param>
            <param name="standardCode">标准关卡编码</param>
            <returns>标准流程关卡</returns>
        </member>
        <member name="M:Hzdtf.WorkFlow.Service.Impl.Standard.Engine.Diversion.FindFlowCensorship.FindFlowCensorshipByStandardCode(Hzdtf.WorkFlow.Model.Standard.Expand.Diversion.FlowCensorshipInInfo,System.String)">
            <summary>
            根据标准关卡编码查找流程关卡
            </summary>
            <param name="findFlowCensorshipIn">查找流程关卡输入</param>
            <param name="standardCode">标准关卡编码</param>
            <returns>流程关卡</returns>
        </member>
        <member name="M:Hzdtf.WorkFlow.Service.Impl.Standard.Engine.Diversion.FindFlowCensorship.FindStandardCensorshipByStandardId(Hzdtf.WorkFlow.Model.Standard.Expand.Diversion.FlowCensorshipInInfo,System.Int32)">
            <summary>
            根据标准关卡ID查找标准流程关卡
            </summary>
            <param name="findFlowCensorshipIn">查找流程关卡输入</param>
            <param name="standardId">标准关卡ID</param>
            <returns>标准流程关卡</returns>
        </member>
        <member name="M:Hzdtf.WorkFlow.Service.Impl.Standard.Engine.Diversion.FindFlowCensorship.FindFlowCensorshipsByFlowCensorshipIds(Hzdtf.WorkFlow.Model.Standard.Expand.Diversion.FlowCensorshipInInfo,System.Int32[])">
            <summary>
            根据流程关卡ID数组查找流程关卡数组
            </summary>
            <param name="findFlowCensorshipIn">查找流程关卡输入</param>
            <param name="flowCensorshipIds">流程关卡ID数组</param>
            <returns>流程关卡数组</returns>
        </member>
        <member name="M:Hzdtf.WorkFlow.Service.Impl.Standard.Engine.Diversion.FindFlowCensorship.FindFlowCensorshipByFlowCensorshipId(Hzdtf.WorkFlow.Model.Standard.Expand.Diversion.FlowCensorshipInInfo,System.Int32)">
            <summary>
            根据流程关卡ID查找流程关卡
            </summary>
            <param name="findFlowCensorshipIn">查找流程关卡输入</param>
            <param name="flowCensorshipId">流程关卡ID</param>
            <returns>流程关卡</returns>
        </member>
        <member name="M:Hzdtf.WorkFlow.Service.Impl.Standard.Engine.Diversion.FindFlowCensorship.FindMappingConcreteCensorships(Hzdtf.Utility.Standard.Model.Return.ReturnInfo{Hzdtf.WorkFlow.Model.Standard.Expand.Diversion.FlowCensorshipOutInfo},Hzdtf.WorkFlow.Model.Standard.Expand.Diversion.FlowCensorshipInInfo,Hzdtf.WorkFlow.Model.Standard.FlowCensorshipInfo[],System.String,Hzdtf.Utility.Standard.Model.BasicUserInfo)">
            <summary>
            查找映射对应的具体关卡数组
            </summary>
            <param name="returnInfo">返回信息</param>
            <param name="findFlowCensorshipIn">查找流程关卡输入</param>
            <param name="flowCensorships">流程关卡数组</param>
            <param name="connectionId">连接ID</param>
            <param name="currUser">当前用户</param>
            <returns>具体关卡数组</returns>
        </member>
        <member name="M:Hzdtf.WorkFlow.Service.Impl.Standard.Engine.Diversion.FindFlowCensorship.ExecGetToUsers(Hzdtf.Utility.Standard.Model.Return.ReturnInfo{Hzdtf.WorkFlow.Model.Standard.Expand.Diversion.FlowCensorshipOutInfo},Hzdtf.WorkFlow.Model.Standard.Expand.Diversion.FlowCensorshipInInfo,Hzdtf.WorkFlow.Model.Standard.FlowCensorshipInfo,System.Collections.Generic.IList{Hzdtf.WorkFlow.Model.Standard.Expand.ConcreteCensorshipInfo},System.Func{Hzdtf.Utility.Standard.Model.Return.ReturnInfo{Hzdtf.WorkFlow.Model.Standard.Expand.Diversion.FindHandlerUserOutInfo}},Hzdtf.Utility.Standard.Model.BasicUserInfo)">
            <summary>
            执行获取到用户数组
            且构造处理者
            </summary>
            <param name="returnInfo">返回信息</param>
            <param name="findFlowCensorshipIn">查找流程关卡输入</param>
            <param name="flowCensorship">流程关卡</param>
            <param name="concreteCensorships">具体关卡列表</param>
            <param name="funcToUsers">回调获取到用户数组</param>
            <param name="currUser">当前用户</param>
        </member>
        <member name="M:Hzdtf.WorkFlow.Service.Impl.Standard.Engine.Diversion.FindFlowCensorship.UpdateCurrWorkflowHandleInfo(Hzdtf.WorkFlow.Model.Standard.Expand.ConcreteCensorshipInfo[],Hzdtf.WorkFlow.Model.Standard.WorkflowInfo)">
            <summary>
            更新当前工作流处理信息
            </summary>
            <param name="concreteCensorships">具体关卡数组</param>
            <param name="workflow">工作流</param>
        </member>
        <member name="T:Hzdtf.WorkFlow.Service.Impl.Standard.Engine.WorkflowApply">
            <summary>
            工作流申请
            @ 黄振东
            </summary>
        </member>
        <member name="M:Hzdtf.WorkFlow.Service.Impl.Standard.Engine.WorkflowApply.AppendSetFindFlowCensorshipIn(Hzdtf.WorkFlow.Model.Standard.Expand.FlowInInfo{Hzdtf.WorkFlow.Model.Standard.Expand.FlowInitInfo{Hzdtf.Utility.Standard.Model.PersonTimeInfo}},Hzdtf.WorkFlow.Model.Standard.Expand.Diversion.FlowCensorshipInInfo,Hzdtf.Utility.Standard.Model.BasicUserInfo)">
            <summary>
            追加设置查找流程关卡输入信息
            </summary>
            <param name="flowIn">流程输入</param>
            <param name="findFlowCensorshipIn">查找流程关卡输入信息</param>
            <param name="currUser">当前用户</param>
        </member>
        <member name="T:Hzdtf.WorkFlow.Service.Impl.Standard.Engine.WorkflowAudit">
            <summary>
            工作流审核
            @ 黄振东
            </summary>
        </member>
        <member name="M:Hzdtf.WorkFlow.Service.Impl.Standard.Engine.WorkflowAudit.ValiFlowIn(Hzdtf.Utility.Standard.Model.Return.ReturnInfo{System.Boolean},Hzdtf.WorkFlow.Model.Standard.Expand.FlowInInfo{Hzdtf.WorkFlow.Model.Standard.Expand.FlowAuditInfo},Hzdtf.WorkFlow.Model.Standard.WorkflowInfo@,System.String,Hzdtf.Utility.Standard.Model.BasicUserInfo)">
            <summary>
            验证流程输入
            </summary>
            <param name="returnInfo">返回信息</param>
            <param name="flowIn">流程输入</param>
            <param name="workflow">工作流</param>
            <param name="connectionId">连接ID</param>
            <param name="currUser">当前用户</param>
            <returns>工作流定义</returns>
        </member>
        <member name="M:Hzdtf.WorkFlow.Service.Impl.Standard.Engine.WorkflowAudit.AppendSetFindFlowCensorshipIn(Hzdtf.WorkFlow.Model.Standard.Expand.FlowInInfo{Hzdtf.WorkFlow.Model.Standard.Expand.FlowAuditInfo},Hzdtf.WorkFlow.Model.Standard.Expand.Diversion.FlowCensorshipInInfo,Hzdtf.Utility.Standard.Model.BasicUserInfo)">
            <summary>
            追加设置查找流程关卡输入信息
            </summary>
            <param name="flowIn">流程输入</param>
            <param name="findFlowCensorshipIn">查找流程关卡输入信息</param>
            <param name="currUser">当前用户</param>
        </member>
        <member name="M:Hzdtf.WorkFlow.Service.Impl.Standard.Engine.WorkflowAudit.ExecCore(Hzdtf.Utility.Standard.Model.Return.ReturnInfo{System.Boolean},Hzdtf.WorkFlow.Model.Standard.Expand.FlowInInfo{Hzdtf.WorkFlow.Model.Standard.Expand.FlowAuditInfo},Hzdtf.WorkFlow.Model.Standard.Expand.Diversion.FlowCensorshipOutInfo,System.String,Hzdtf.Utility.Standard.Model.BasicUserInfo)">
            <summary>
            执行核心
            </summary>
            <param name="returnInfo">返回信息</param>
            <param name="flowIn">流程输入</param>
            <param name="findFlowCensorshipOut">查找流程关卡输出</param>
            <param name="connectionId">连接ID</param>
            <param name="currUser">当前用户</param>
        </member>
        <member name="T:Hzdtf.WorkFlow.Service.Impl.Standard.Engine.WorkflowConfigCache">
            <summary>
            工作流配置缓存
            @ 黄振东
            </summary>
        </member>
        <member name="F:Hzdtf.WorkFlow.Service.Impl.Standard.Engine.WorkflowConfigCache.dicCache">
            <summary>
            缓存字典
            </summary>
        </member>
        <member name="F:Hzdtf.WorkFlow.Service.Impl.Standard.Engine.WorkflowConfigCache.dicCodeMapId">
            <summary>
            编码映射ID字典
            </summary>
        </member>
        <member name="F:Hzdtf.WorkFlow.Service.Impl.Standard.Engine.WorkflowConfigCache.syncDicCache">
            <summary>
            同步缓存字典
            </summary>
        </member>
        <member name="F:Hzdtf.WorkFlow.Service.Impl.Standard.Engine.WorkflowConfigCache.syncDicCodeMapId">
            <summary>
            同步映射ID字典
            </summary>
        </member>
        <member name="P:Hzdtf.WorkFlow.Service.Impl.Standard.Engine.WorkflowConfigCache.ProtoWorkflowConfigReader">
            <summary>
            原生工作流配置读取
            </summary>
        </member>
        <member name="M:Hzdtf.WorkFlow.Service.Impl.Standard.Engine.WorkflowConfigCache.ReaderAllConfig(System.Int32,System.String,Hzdtf.Utility.Standard.Model.BasicUserInfo)">
            <summary>
            根据工作流定义ID读取工作流定义信息的所有配置
            </summary>
            <param name="workflowDefineId">工作流定义ID</param>
            <param name="connectionId">连接ID</param>
            <param name="currUser">当前用户</param>
            <returns>返回信息</returns>
        </member>
        <member name="M:Hzdtf.WorkFlow.Service.Impl.Standard.Engine.WorkflowConfigCache.ReaderAllConfig(System.String,System.String,Hzdtf.Utility.Standard.Model.BasicUserInfo)">
            <summary>
            根据工作流编码读取工作流定义信息的所有配置
            </summary>
            <param name="workflowCode">工作流编码</param>
            <param name="connectionId">连接ID</param>
            <param name="currUser">当前用户</param>
            <returns>返回信息</returns>
        </member>
        <member name="M:Hzdtf.WorkFlow.Service.Impl.Standard.Engine.WorkflowConfigCache.GetCache">
            <summary>
            获取缓存
            </summary>
            <returns>缓存</returns>
        </member>
        <member name="M:Hzdtf.WorkFlow.Service.Impl.Standard.Engine.WorkflowConfigCache.GetSyncCache">
            <summary>
            获取同步的缓存对象，是为了线程安全
            </summary>
            <returns>同步的缓存对象</returns>
        </member>
        <member name="T:Hzdtf.WorkFlow.Service.Impl.Standard.Engine.WorkflowEngineBase`1">
            <summary>
            工作流引擎基类
            @ 黄振东
            </summary>
            <typeparam name="FlowInT">流程输入类型</typeparam>
        </member>
        <member name="P:Hzdtf.WorkFlow.Service.Impl.Standard.Engine.WorkflowEngineBase`1.FormEngineFactory">
            <summary>
            表单引擎工厂
            </summary>
        </member>
        <member name="P:Hzdtf.WorkFlow.Service.Impl.Standard.Engine.WorkflowEngineBase`1.WorkflowPersistence">
            <summary>
            工作流持久化
            </summary>
        </member>
        <member name="P:Hzdtf.WorkFlow.Service.Impl.Standard.Engine.WorkflowEngineBase`1.WorkflowHandlePersistence">
            <summary>
            工作流处理持久化
            </summary>
        </member>
        <member name="P:Hzdtf.WorkFlow.Service.Impl.Standard.Engine.WorkflowEngineBase`1.WorkflowService">
            <summary>
            工作流服务
            </summary>
        </member>
        <member name="P:Hzdtf.WorkFlow.Service.Impl.Standard.Engine.WorkflowEngineBase`1.WorkflowHandle">
            <summary>
            工作流处理
            </summary>
        </member>
        <member name="P:Hzdtf.WorkFlow.Service.Impl.Standard.Engine.WorkflowEngineBase`1.WorkflowConfigReader">
            <summary>
            工作流配置读取
            </summary>
        </member>
        <member name="P:Hzdtf.WorkFlow.Service.Impl.Standard.Engine.WorkflowEngineBase`1.FindFlowCensorship">
            <summary>
            查找流程关卡
            </summary>
        </member>
        <member name="P:Hzdtf.WorkFlow.Service.Impl.Standard.Engine.WorkflowEngineBase`1.FormService">
            <summary>
            表单服务
            </summary>
        </member>
        <member name="P:Hzdtf.WorkFlow.Service.Impl.Standard.Engine.WorkflowEngineBase`1.WorkflowDefineService">
            <summary>
            工作流定义服务
            </summary>
        </member>
        <member name="P:Hzdtf.WorkFlow.Service.Impl.Standard.Engine.WorkflowEngineBase`1.FlowService">
            <summary>
            流程服务
            </summary>
        </member>
        <member name="M:Hzdtf.WorkFlow.Service.Impl.Standard.Engine.WorkflowEngineBase`1.Get">
            <summary>
            获取对象
            </summary>
            <returns>对象</returns>
        </member>
        <member name="M:Hzdtf.WorkFlow.Service.Impl.Standard.Engine.WorkflowEngineBase`1.Execute(`0,System.String,Hzdtf.Utility.Standard.Model.BasicUserInfo)">
            <summary>
            执行
            </summary>
            <param name="flowIn">流程输入</param>
            <param name="connectionId">连接ID</param>
            <param name="currUser">当前用户</param>
            <returns>返回信息</returns>
        </member>
        <member name="M:Hzdtf.WorkFlow.Service.Impl.Standard.Engine.WorkflowEngineBase`1.ExecTransaction(Hzdtf.Utility.Standard.Model.Return.ReturnInfo{System.Boolean},Hzdtf.WorkFlow.Model.Standard.WorkflowDefineInfo,`0,Hzdtf.WorkFlow.Model.Standard.Expand.Diversion.FlowCensorshipOutInfo,System.String,Hzdtf.Utility.Standard.Model.BasicUserInfo)">
            <summary>
            执行事务
            </summary>
            <param name="returnInfo">返回信息</param>
            <param name="workflowDefine">工作流定义</param>
            <param name="flowIn">流程输入</param>
            <param name="findFlowCensorshipOut">查找流程关卡输出</param>
            <param name="connectionId">连接ID</param>
            <param name="currUser">当前用户</param>
            <returns>返回信息</returns>
        </member>
        <member name="M:Hzdtf.WorkFlow.Service.Impl.Standard.Engine.WorkflowEngineBase`1.ValiFlowIn(Hzdtf.Utility.Standard.Model.Return.ReturnInfo{System.Boolean},`0,Hzdtf.WorkFlow.Model.Standard.WorkflowInfo@,System.String,Hzdtf.Utility.Standard.Model.BasicUserInfo)">
            <summary>
            验证流程输入
            </summary>
            <param name="returnInfo">返回信息</param>
            <param name="flowIn">流程输入</param>
            <param name="workflow">工作流</param>
            <param name="connectionId">连接ID</param>
            <param name="currUser">当前用户</param>
            <returns>工作流定义</returns>
        </member>
        <member name="M:Hzdtf.WorkFlow.Service.Impl.Standard.Engine.WorkflowEngineBase`1.AppendSetFindFlowCensorshipIn(`0,Hzdtf.WorkFlow.Model.Standard.Expand.Diversion.FlowCensorshipInInfo,Hzdtf.Utility.Standard.Model.BasicUserInfo)">
            <summary>
            追加设置查找流程关卡输入信息
            </summary>
            <param name="flowIn">流程输入</param>
            <param name="findFlowCensorshipIn">查找流程关卡输入信息</param>
            <param name="currUser">当前用户</param>
        </member>
        <member name="M:Hzdtf.WorkFlow.Service.Impl.Standard.Engine.WorkflowEngineBase`1.ExecCore(Hzdtf.Utility.Standard.Model.Return.ReturnInfo{System.Boolean},`0,Hzdtf.WorkFlow.Model.Standard.Expand.Diversion.FlowCensorshipOutInfo,System.String,Hzdtf.Utility.Standard.Model.BasicUserInfo)">
            <summary>
            执行核心
            </summary>
            <param name="returnInfo">返回信息</param>
            <param name="flowIn">流程输入</param>
            <param name="findFlowCensorshipOut">查找流程关卡输出</param>
            <param name="connectionId">连接ID</param>
            <param name="currUser">当前用户</param>
        </member>
        <member name="M:Hzdtf.WorkFlow.Service.Impl.Standard.Engine.WorkflowEngineBase`1.ExecReturnFuncAndConnectionId``1(System.Func{Hzdtf.Utility.Standard.Model.Return.ReturnInfo{``0},System.String,``0},Hzdtf.Utility.Standard.Model.Return.ReturnInfo{``0},System.String,Hzdtf.Utility.Standard.Enums.AccessMode)">
            <summary>
            执行返回函数且带有连接ID
            </summary>
            <typeparam name="OutT">输出类型</typeparam>
            <param name="func">函数</param>
            <param name="returnInfo">返回信息</param>
            <param name="connectionId">连接ID</param>
            <param name="accessMode">访问模式</param>
            <returns>返回信息</returns>
        </member>
        <member name="M:Hzdtf.WorkFlow.Service.Impl.Standard.Engine.WorkflowEngineBase`1.ExecReturnFunc``1(System.Func{Hzdtf.Utility.Standard.Model.Return.ReturnInfo{``0},``0},Hzdtf.Utility.Standard.Model.Return.ReturnInfo{``0})">
            <summary>
            执行返回函数
            </summary>
            <typeparam name="OutT">输出类型</typeparam>
            <param name="func">函数</param>
            <param name="returnInfo">返回信息</param>
            <returns>返回信息</returns>
        </member>
        <member name="M:Hzdtf.WorkFlow.Service.Impl.Standard.Engine.WorkflowEngineBase`1.ExecProcConnectionId(System.Action{System.String},System.String,Hzdtf.Utility.Standard.Enums.AccessMode)">
            <summary>
            执行连接ID过程
            如果传过来的连接ID为空，则会创建新的连接ID，结束后会自动注释连接ID，否则不会
            </summary>
            <param name="action">动作</param>
            <param name="connectionId">连接ID</param>
            <param name="accessMode">访问模式</param>
        </member>
        <member name="T:Hzdtf.WorkFlow.Service.Impl.Standard.Engine.WorkflowForceRemove">
            <summary>
            工作流强制移除
            </summary>
        </member>
        <member name="M:Hzdtf.WorkFlow.Service.Impl.Standard.Engine.WorkflowForceRemove.GetRemoveType">
            <summary>
            获取移除类型
            </summary>
            <returns>移除类型</returns>
        </member>
        <member name="T:Hzdtf.WorkFlow.Service.Impl.Standard.Engine.WorkflowFormBase">
            <summary>
            工作流表单基类
            @ 黄振东
            </summary>
        </member>
        <member name="M:Hzdtf.WorkFlow.Service.Impl.Standard.Engine.WorkflowFormBase.ValiFlowIn(Hzdtf.Utility.Standard.Model.Return.ReturnInfo{System.Boolean},Hzdtf.WorkFlow.Model.Standard.Expand.FlowInInfo{Hzdtf.WorkFlow.Model.Standard.Expand.FlowInitInfo{Hzdtf.Utility.Standard.Model.PersonTimeInfo}},Hzdtf.WorkFlow.Model.Standard.WorkflowInfo@,System.String,Hzdtf.Utility.Standard.Model.BasicUserInfo)">
            <summary>
            验证流程输入
            </summary>
            <param name="returnInfo">返回信息</param>
            <param name="flowIn">流程输入</param>
            <param name="workflow">工作流</param>
            <param name="connectionId">连接ID</param>
            <param name="currUser">当前用户</param>
            <returns>工作流定义</returns>
        </member>
        <member name="M:Hzdtf.WorkFlow.Service.Impl.Standard.Engine.WorkflowFormBase.AppendSetFindFlowCensorshipIn(Hzdtf.WorkFlow.Model.Standard.Expand.FlowInInfo{Hzdtf.WorkFlow.Model.Standard.Expand.FlowInitInfo{Hzdtf.Utility.Standard.Model.PersonTimeInfo}},Hzdtf.WorkFlow.Model.Standard.Expand.Diversion.FlowCensorshipInInfo,Hzdtf.Utility.Standard.Model.BasicUserInfo)">
            <summary>
            追加设置查找流程关卡输入信息
            </summary>
            <param name="flowIn">流程输入</param>
            <param name="findFlowCensorshipIn">查找流程关卡输入信息</param>
            <param name="currUser">当前用户</param>
        </member>
        <member name="M:Hzdtf.WorkFlow.Service.Impl.Standard.Engine.WorkflowFormBase.ExecCore(Hzdtf.Utility.Standard.Model.Return.ReturnInfo{System.Boolean},Hzdtf.WorkFlow.Model.Standard.Expand.FlowInInfo{Hzdtf.WorkFlow.Model.Standard.Expand.FlowInitInfo{Hzdtf.Utility.Standard.Model.PersonTimeInfo}},Hzdtf.WorkFlow.Model.Standard.Expand.Diversion.FlowCensorshipOutInfo,System.String,Hzdtf.Utility.Standard.Model.BasicUserInfo)">
            <summary>
            执行核心
            </summary>
            <param name="returnInfo">返回信息</param>
            <param name="flowIn">流程输入</param>
            <param name="findFlowCensorshipOut">查找流程关卡输出</param>
            <param name="connectionId">连接ID</param>
            <param name="currUser">当前用户</param>
        </member>
        <member name="M:Hzdtf.WorkFlow.Service.Impl.Standard.Engine.WorkflowFormBase.ValiBasicInParam(Hzdtf.Utility.Standard.Model.Return.ReturnInfo{System.Boolean},Hzdtf.WorkFlow.Model.Standard.Expand.FlowInInfo{Hzdtf.WorkFlow.Model.Standard.Expand.FlowInitInfo{Hzdtf.Utility.Standard.Model.PersonTimeInfo}})">
            <summary>
            验证基本的输入参数
            </summary>
            <param name="returnInfo">返回信息</param>
            <param name="flowIn">流程输入</param>
        </member>
        <member name="M:Hzdtf.WorkFlow.Service.Impl.Standard.Engine.WorkflowFormBase.ValiDbParam(Hzdtf.Utility.Standard.Model.Return.ReturnInfo{System.Boolean},Hzdtf.WorkFlow.Model.Standard.Expand.FlowInInfo{Hzdtf.WorkFlow.Model.Standard.Expand.FlowInitInfo{Hzdtf.Utility.Standard.Model.PersonTimeInfo}},Hzdtf.WorkFlow.Model.Standard.WorkflowInfo@,System.String,Hzdtf.Utility.Standard.Model.BasicUserInfo)">
            <summary>
            验证数据库参数
            </summary>
            <param name="returnInfo">返回信息</param>
            <param name="flowIn">流程输入</param>
            <param name="workflow">工作流</param>
            <param name="connectionId">连接ID</param>
            <param name="currUser">当前用户</param>
        </member>
        <member name="T:Hzdtf.WorkFlow.Service.Impl.Standard.Engine.WorkflowFormService">
            <summary>
            工作流表单服务
            @ 黄振东
            </summary>
        </member>
        <member name="P:Hzdtf.WorkFlow.Service.Impl.Standard.Engine.WorkflowFormService.WorkflowApply">
            <summary>
            工作流申请
            </summary>
        </member>
        <member name="P:Hzdtf.WorkFlow.Service.Impl.Standard.Engine.WorkflowFormService.WorkflowSave">
            <summary>
            工作流保存
            </summary>
        </member>
        <member name="M:Hzdtf.WorkFlow.Service.Impl.Standard.Engine.WorkflowFormService.Save``1(Hzdtf.WorkFlow.Model.Standard.Expand.FlowInitInfo{``0},Hzdtf.Utility.Standard.Model.BasicUserInfo)">
            <summary>
            保存
            </summary>
            <typeparam name="FormT">表单类型</typeparam>
            <param name="flowInit">流程初始</param>
            <param name="currUser">当前用户</param>
            <returns>返回信息</returns>
        </member>
        <member name="M:Hzdtf.WorkFlow.Service.Impl.Standard.Engine.WorkflowFormService.Apply``1(Hzdtf.WorkFlow.Model.Standard.Expand.FlowInitInfo{``0},Hzdtf.Utility.Standard.Model.BasicUserInfo)">
            <summary>
            申请
            </summary>
            <typeparam name="FormT">表单类型</typeparam>
            <param name="flowInit">流程初始</param>
            <param name="currUser">当前用户</param>
            <returns>返回信息</returns>
        </member>
        <member name="M:Hzdtf.WorkFlow.Service.Impl.Standard.Engine.WorkflowFormService.Execute``1(Hzdtf.WorkFlow.Model.Standard.Expand.FlowInitInfo{``0},Hzdtf.WorkFlow.Service.Contract.Standard.Engine.IWorkflowForm,Hzdtf.Utility.Standard.Model.BasicUserInfo)">
            <summary>
            执行
            </summary>
            <typeparam name="FormT">表单类型</typeparam>
            <param name="flowInit">流程初始</param>
            <param name="workflowInit">工作流初始</param>
            <param name="currUser">当前用户</param>
            <returns>返回信息</returns>
        </member>
        <member name="M:Hzdtf.WorkFlow.Service.Impl.Standard.Engine.WorkflowFormService.BuilderApplyNo``1(Hzdtf.WorkFlow.Model.Standard.Expand.FlowInitInfo{``0},Hzdtf.Utility.Standard.Model.Return.ReturnInfo{Hzdtf.WorkFlow.Model.Standard.Expand.WorkflowBasicInfo},Hzdtf.Utility.Standard.Model.BasicUserInfo)">
            <summary>
            生成申请单号
            </summary>
            <typeparam name="FormT">表单类型</typeparam>
            <param name="flowInit">流程初始化</param>
            <param name="returnInfo">返回信息</param>
            <param name="currUser">当前用户</param>
            <returns>申请单号</returns>
        </member>
        <member name="T:Hzdtf.WorkFlow.Service.Impl.Standard.Engine.WorkflowRemove">
            <summary>
            工作流移除
            </summary>
        </member>
        <member name="M:Hzdtf.WorkFlow.Service.Impl.Standard.Engine.WorkflowRemove.Vali(Hzdtf.Utility.Standard.Model.Return.ReturnInfo{System.Boolean},Hzdtf.WorkFlow.Model.Standard.WorkflowInfo,Hzdtf.Utility.Standard.Model.BasicUserInfo)">
            <summary>
            验证
            </summary>
            <param name="returnInfo">返回信息</param>
            <param name="workflow">工作流</param>
            <param name="currUser">当前用户</param>
        </member>
        <member name="M:Hzdtf.WorkFlow.Service.Impl.Standard.Engine.WorkflowRemove.GetRemoveType">
            <summary>
            获取移除类型
            </summary>
            <returns>移除类型</returns>
        </member>
        <member name="T:Hzdtf.WorkFlow.Service.Impl.Standard.Engine.WorkflowRemoveBase">
            <summary>
            工作流移除基类
            @ 黄振东
            </summary>
        </member>
        <member name="P:Hzdtf.WorkFlow.Service.Impl.Standard.Engine.WorkflowRemoveBase.FormRemoveFactory">
            <summary>
            表单移除工厂
            </summary>
        </member>
        <member name="P:Hzdtf.WorkFlow.Service.Impl.Standard.Engine.WorkflowRemoveBase.WorkflowPersistence">
            <summary>
            工作流持久化
            </summary>
        </member>
        <member name="P:Hzdtf.WorkFlow.Service.Impl.Standard.Engine.WorkflowRemoveBase.WorkflowHandlePersistence">
            <summary>
            工作流处理持久化
            </summary>
        </member>
        <member name="P:Hzdtf.WorkFlow.Service.Impl.Standard.Engine.WorkflowRemoveBase.WorkflowDefinePersistence">
            <summary>
            工作流定义持久化
            </summary>
        </member>
        <member name="M:Hzdtf.WorkFlow.Service.Impl.Standard.Engine.WorkflowRemoveBase.Get">
            <summary>
            获取对象
            </summary>
            <returns>对象</returns>
        </member>
        <member name="M:Hzdtf.WorkFlow.Service.Impl.Standard.Engine.WorkflowRemoveBase.Execute(System.Int32,System.String,Hzdtf.Utility.Standard.Model.BasicUserInfo)">
            <summary>
            执行
            </summary>
            <param name="flowIn">流程输入</param>
            <param name="connectionId">连接ID</param>
            <param name="currUser">当前用户</param>
            <returns>返回信息</returns>
        </member>
        <member name="M:Hzdtf.WorkFlow.Service.Impl.Standard.Engine.WorkflowRemoveBase.ExecTransaction(Hzdtf.Utility.Standard.Model.Return.ReturnInfo{System.Boolean},Hzdtf.WorkFlow.Model.Standard.WorkflowInfo,System.String,Hzdtf.Utility.Standard.Model.BasicUserInfo)">
            <summary>
            执行事务
            </summary>
            <param name="returnInfo">返回信息</param>
            <param name="workflow">工作流</param>
            <param name="connectionId">连接ID</param>
            <param name="currUser">当前用户</param>
            <returns>返回信息</returns>
        </member>
        <member name="M:Hzdtf.WorkFlow.Service.Impl.Standard.Engine.WorkflowRemoveBase.Vali(Hzdtf.Utility.Standard.Model.Return.ReturnInfo{System.Boolean},Hzdtf.WorkFlow.Model.Standard.WorkflowInfo,Hzdtf.Utility.Standard.Model.BasicUserInfo)">
            <summary>
            验证
            </summary>
            <param name="returnInfo">返回信息</param>
            <param name="workflow">工作流</param>
            <param name="currUser">当前用户</param>
        </member>
        <member name="M:Hzdtf.WorkFlow.Service.Impl.Standard.Engine.WorkflowRemoveBase.ExecCore(Hzdtf.Utility.Standard.Model.Return.ReturnInfo{System.Boolean},Hzdtf.WorkFlow.Model.Standard.WorkflowInfo,System.String,Hzdtf.Utility.Standard.Model.BasicUserInfo)">
            <summary>
            执行核心
            </summary>
            <param name="returnInfo">返回信息</param>
            <param name="workflow">工作流</param>
            <param name="connectionId">连接ID</param>
            <param name="currUser">当前用户</param>
        </member>
        <member name="M:Hzdtf.WorkFlow.Service.Impl.Standard.Engine.WorkflowRemoveBase.GetRemoveType">
            <summary>
            获取移除类型
            </summary>
            <returns>移除类型</returns>
        </member>
        <member name="M:Hzdtf.WorkFlow.Service.Impl.Standard.Engine.WorkflowRemoveBase.ExecReturnFuncAndConnectionId``1(System.Func{Hzdtf.Utility.Standard.Model.Return.ReturnInfo{``0},System.String,``0},Hzdtf.Utility.Standard.Model.Return.ReturnInfo{``0},System.String,Hzdtf.Utility.Standard.Enums.AccessMode)">
            <summary>
            执行返回函数且带有连接ID
            </summary>
            <typeparam name="OutT">输出类型</typeparam>
            <param name="func">函数</param>
            <param name="returnInfo">返回信息</param>
            <param name="connectionId">连接ID</param>
            <param name="accessMode">访问模式</param>
            <returns>返回信息</returns>
        </member>
        <member name="M:Hzdtf.WorkFlow.Service.Impl.Standard.Engine.WorkflowRemoveBase.ExecReturnFunc``1(System.Func{Hzdtf.Utility.Standard.Model.Return.ReturnInfo{``0},``0},Hzdtf.Utility.Standard.Model.Return.ReturnInfo{``0})">
            <summary>
            执行返回函数
            </summary>
            <typeparam name="OutT">输出类型</typeparam>
            <param name="func">函数</param>
            <param name="returnInfo">返回信息</param>
            <returns>返回信息</returns>
        </member>
        <member name="M:Hzdtf.WorkFlow.Service.Impl.Standard.Engine.WorkflowRemoveBase.ExecProcConnectionId(System.Action{System.String},System.String,Hzdtf.Utility.Standard.Enums.AccessMode)">
            <summary>
            执行连接ID过程
            如果传过来的连接ID为空，则会创建新的连接ID，结束后会自动注释连接ID，否则不会
            </summary>
            <param name="action">动作</param>
            <param name="connectionId">连接ID</param>
            <param name="accessMode">访问模式</param>
        </member>
        <member name="T:Hzdtf.WorkFlow.Service.Impl.Standard.Engine.WorkflowSave">
            <summary>
            工作流保存
            @ 黄振东
            </summary>
        </member>
        <member name="M:Hzdtf.WorkFlow.Service.Impl.Standard.Engine.WorkflowSave.AppendSetFindFlowCensorshipIn(Hzdtf.WorkFlow.Model.Standard.Expand.FlowInInfo{Hzdtf.WorkFlow.Model.Standard.Expand.FlowInitInfo{Hzdtf.Utility.Standard.Model.PersonTimeInfo}},Hzdtf.WorkFlow.Model.Standard.Expand.Diversion.FlowCensorshipInInfo,Hzdtf.Utility.Standard.Model.BasicUserInfo)">
            <summary>
            追加设置查找流程关卡输入信息
            </summary>
            <param name="flowIn">流程输入</param>
            <param name="findFlowCensorshipIn">查找流程关卡输入信息</param>
            <param name="currUser">当前用户</param>
        </member>
        <member name="T:Hzdtf.WorkFlow.Service.Impl.Standard.Engine.WorkflowUndo">
            <summary>
            工作流撤消
            </summary>
        </member>
        <member name="M:Hzdtf.WorkFlow.Service.Impl.Standard.Engine.WorkflowUndo.Vali(Hzdtf.Utility.Standard.Model.Return.ReturnInfo{System.Boolean},Hzdtf.WorkFlow.Model.Standard.WorkflowInfo,Hzdtf.Utility.Standard.Model.BasicUserInfo)">
            <summary>
            验证
            </summary>
            <param name="returnInfo">返回信息</param>
            <param name="workflow">工作流</param>
            <param name="currUser">当前用户</param>
        </member>
        <member name="M:Hzdtf.WorkFlow.Service.Impl.Standard.Engine.WorkflowUndo.GetRemoveType">
            <summary>
            获取移除类型
            </summary>
            <returns>移除类型</returns>
        </member>
        <member name="M:Hzdtf.WorkFlow.Service.Impl.Standard.Engine.WorkflowUndo.ExecCore(Hzdtf.Utility.Standard.Model.Return.ReturnInfo{System.Boolean},Hzdtf.WorkFlow.Model.Standard.WorkflowInfo,System.String,Hzdtf.Utility.Standard.Model.BasicUserInfo)">
            <summary>
            执行核心
            </summary>
            <param name="returnInfo">返回信息</param>
            <param name="workflow">工作流</param>
            <param name="connectionId">连接ID</param>
            <param name="currUser">当前用户</param>
        </member>
        <member name="T:Hzdtf.WorkFlow.Service.Impl.Standard.FlowCensorshipService">
            <summary>
            流程关卡服务接口
            @ 黄振东
            </summary>
            <summary>
            流程关卡服务
            @ 黄振东
            </summary>
        </member>
        <member name="M:Hzdtf.WorkFlow.Service.Impl.Standard.FlowCensorshipService.QueryByFlowId(System.Int32,System.String,Hzdtf.Utility.Standard.Model.BasicUserInfo)">
            <summary>
            根据流程ID查询流程关卡列表
            </summary>
            <param name="flowId">流程ID</param>
            <param name="connectionId">连接ID</param>
            <param name="currUser">当前用户</param>
            <returns>返回信息</returns>
        </member>
        <member name="T:Hzdtf.WorkFlow.Service.Impl.Standard.ReturnFlowRouteService">
            <summary>
            退件流程路线服务
            @ 黄振东
            </summary>
            <summary>
            退件流程路线服务
            @ 黄振东
            </summary>
            <summary>
            退件流程路线服务
            @ 黄振东
            </summary>
        </member>
        <member name="M:Hzdtf.WorkFlow.Service.Impl.Standard.ReturnFlowRouteService.QueryByFlowCensorshipIdAsync(System.Int32,System.String,Hzdtf.Utility.Standard.Model.BasicUserInfo)">
            <summary>
            异步根据流程关卡ID查询退件流程路线列表
            </summary>
            <param name="flowCensorshipId">流程关卡ID</param>
            <param name="connectionId">连接ID</param>
            <param name="currUser">当前用户</param>
            <returns>任务</returns>
        </member>
        <member name="M:Hzdtf.WorkFlow.Service.Impl.Standard.ReturnFlowRouteService.QueryByFlowCensorshipIdsAsync(System.Int32[],System.String,Hzdtf.Utility.Standard.Model.BasicUserInfo)">
            <summary>
            异步根据流程关卡ID数组查询退件流程路线列表
            </summary>
            <param name="flowCensorshipIds">流程关卡ID</param>
            <param name="connectionId">连接ID</param>>
            <param name="currUser">当前用户</param>
            <returns>任务</returns>
        </member>
        <member name="M:Hzdtf.WorkFlow.Service.Impl.Standard.ReturnFlowRouteService.QueryByFlowCensorshipId(System.Int32,System.String,Hzdtf.Utility.Standard.Model.BasicUserInfo)">
            <summary>
            根据流程关卡ID查询退件流程路线列表
            </summary>
            <param name="flowCensorshipId">流程关卡ID</param>
            <param name="connectionId">连接ID</param>
            <param name="currUser">当前用户</param>
            <returns>返回信息</returns>
        </member>
        <member name="M:Hzdtf.WorkFlow.Service.Impl.Standard.ReturnFlowRouteService.QueryByFlowCensorshipIds(System.Int32[],System.String,Hzdtf.Utility.Standard.Model.BasicUserInfo)">
            <summary>
            根据流程关卡ID数组查询退件流程路线列表
            </summary>
            <param name="flowCensorshipIds">流程关卡ID</param>
            <param name="connectionId">连接ID</param>
            <param name="currUser">当前用户</param>
            <returns>返回信息</returns>
        </member>
        <member name="T:Hzdtf.WorkFlow.Service.Impl.Standard.SendFlowRouteService">
            <summary>
            送件流程路线服务
            @ 黄振东
            </summary>
            <summary>
            送件流程路线服务
            @ 黄振东
            </summary>
            <summary>
            送件流程路线服务
            @ 黄振东
            </summary>
        </member>
        <member name="M:Hzdtf.WorkFlow.Service.Impl.Standard.SendFlowRouteService.QueryByFlowCensorshipIdAsync(System.Int32,System.String,Hzdtf.Utility.Standard.Model.BasicUserInfo)">
            <summary>
            异步根据流程关卡ID查询送件流程路线列表
            </summary>
            <param name="flowCensorshipId">流程关卡ID</param>
            <param name="connectionId">连接ID</param>
            <param name="currUser">当前用户</param>
            <returns>任务</returns>
        </member>
        <member name="M:Hzdtf.WorkFlow.Service.Impl.Standard.SendFlowRouteService.QueryByFlowCensorshipIdsAsync(System.Int32[],System.String,Hzdtf.Utility.Standard.Model.BasicUserInfo)">
            <summary>
            异步根据流程关卡ID数组查询送件流程路线列表
            </summary>
            <param name="flowCensorshipIds">流程关卡ID</param>
            <param name="connectionId">连接ID</param>
            <param name="currUser">当前用户</param>
            <returns>任务</returns>
        </member>
        <member name="M:Hzdtf.WorkFlow.Service.Impl.Standard.SendFlowRouteService.QueryByFlowCensorshipId(System.Int32,System.String,Hzdtf.Utility.Standard.Model.BasicUserInfo)">
            <summary>
            根据流程关卡ID查询送件流程路线列表
            </summary>
            <param name="flowCensorshipId">流程关卡ID</param>
            <param name="connectionId">连接ID</param>
            <param name="currUser">当前用户</param>
            <returns>返回信息</returns>
        </member>
        <member name="M:Hzdtf.WorkFlow.Service.Impl.Standard.SendFlowRouteService.QueryByFlowCensorshipIds(System.Int32[],System.String,Hzdtf.Utility.Standard.Model.BasicUserInfo)">
            <summary>
            根据流程关卡ID数组查询送件流程路线列表
            </summary>
            <param name="flowCensorshipIds">流程关卡ID</param>
            <param name="connectionId">连接ID</param>
            <param name="currUser">当前用户</param>
            <returns>返回信息</returns>
        </member>
        <member name="T:Hzdtf.WorkFlow.Service.Impl.Standard.WorkflowDefineService">
            <summary>
            工作流定义服务
            @ 黄振东
            </summary>
            <summary>
            工作流定义服务
            @ 黄振东
            </summary>
        </member>
        <member name="P:Hzdtf.WorkFlow.Service.Impl.Standard.WorkflowDefineService.FlowService">
            <summary>
            流程服务
            </summary>
        </member>
        <member name="P:Hzdtf.WorkFlow.Service.Impl.Standard.WorkflowDefineService.FormService">
            <summary>
            表单服务
            </summary>
        </member>
        <member name="P:Hzdtf.WorkFlow.Service.Impl.Standard.WorkflowDefineService.FlowCensorshipService">
            <summary>
            流程关卡服务
            </summary>
        </member>
        <member name="P:Hzdtf.WorkFlow.Service.Impl.Standard.WorkflowDefineService.StandardCensorshipService">
            <summary>
            标准关卡服务
            </summary>
        </member>
        <member name="P:Hzdtf.WorkFlow.Service.Impl.Standard.WorkflowDefineService.SendFlowRouteService">
            <summary>
            送件流程路线服务
            </summary>
        </member>
        <member name="P:Hzdtf.WorkFlow.Service.Impl.Standard.WorkflowDefineService.ReturnFlowRouteService">
            <summary>
            退件流程路线服务
            </summary>
        </member>
        <member name="M:Hzdtf.WorkFlow.Service.Impl.Standard.WorkflowDefineService.FindByCode(System.String,System.String,Hzdtf.Utility.Standard.Model.BasicUserInfo)">
            <summary>
            根据编码查询工作流定义信息
            </summary>
            <param name="code">编码</param>
            <param name="connectionId">连接ID</param>
            <param name="currUser">当前用户</param>
            <returns>返回信息</returns>
        </member>
        <member name="M:Hzdtf.WorkFlow.Service.Impl.Standard.WorkflowDefineService.ReaderAllConfig(System.Int32,System.String,Hzdtf.Utility.Standard.Model.BasicUserInfo)">
            <summary>
            根据工作流定义ID读取工作流定义信息的所有配置
            </summary>
            <param name="workflowDefineId">工作流定义ID</param>
            <param name="connectionId">连接ID</param>
            <param name="currUser">当前用户</param>
            <returns>返回信息</returns>
        </member>
        <member name="M:Hzdtf.WorkFlow.Service.Impl.Standard.WorkflowDefineService.ReaderAllConfig(System.String,System.String,Hzdtf.Utility.Standard.Model.BasicUserInfo)">
            <summary>
            根据工作流编码读取工作流定义信息的所有配置
            </summary>
            <param name="workflowCode">工作流编码</param>
            <param name="connectionId">连接ID</param>
            <param name="currUser">当前用户</param>
            <returns>返回信息</returns>
        </member>
        <member name="M:Hzdtf.WorkFlow.Service.Impl.Standard.WorkflowDefineService.ReaderOtherConfig(Hzdtf.WorkFlow.Model.Standard.WorkflowDefineInfo,System.String,Hzdtf.Utility.Standard.Model.BasicUserInfo)">
            <summary>
            读取其他配置
            </summary>
            <param name="workflowDefine">工作流定义</param>
            <param name="connectionId">连接ID</param>
            <param name="currUser">当前用户</param>
        </member>
        <member name="T:Hzdtf.WorkFlow.Service.Impl.Standard.WorkflowHandleService">
            <summary>
            工作流处理服务
            @ 黄振东
            </summary>
            <summary>
            工作流处理服务
            @ 黄振东
            </summary>
        </member>
        <member name="M:Hzdtf.WorkFlow.Service.Impl.Standard.WorkflowHandleService.ModifyToReadedById(System.Int32,System.String,Hzdtf.Utility.Standard.Model.BasicUserInfo)">
            <summary>
            根据ID修改为已读
            </summary>
            <param name="id">ID</param>
            <param name="connectionId">连接ID</param>
            <param name="currUser">当前用户</param>
            <returns>返回信息</returns>
        </member>
        <member name="M:Hzdtf.WorkFlow.Service.Impl.Standard.WorkflowHandleService.ExistsAuditAndUnhandleByHandleId(System.Int32,System.String,Hzdtf.Utility.Standard.Model.BasicUserInfo)">
            <summary>
            根据处理人ID是否存在审核且未处理的个数
            </summary>
            <param name="handlerId">处理人ID</param>
            <param name="connectionId">连接ID</param>
            <param name="currUser">当前用户</param>
            <returns>返回信息</returns>
        </member>
        <member name="M:Hzdtf.WorkFlow.Service.Impl.Standard.WorkflowHandleService.ExistsAuditAndUnhandleByHandleIds(System.Int32[],System.String,Hzdtf.Utility.Standard.Model.BasicUserInfo)">
            <summary>
            根据处理人ID集合是否存在审核且未处理的个数
            </summary>
            <param name="handlerIds">处理人ID集合</param>
            <param name="connectionId">连接ID</param>
            <param name="currUser">当前用户</param>
            <returns>返回信息</returns>
        </member>
        <member name="M:Hzdtf.WorkFlow.Service.Impl.Standard.WorkflowHandleService.FindByWorkflowIdAndFlowCensorshipIdAndHandlerId(System.Int32,System.Int32,System.Int32,System.String,Hzdtf.Utility.Standard.Model.BasicUserInfo)">
            <summary>
            根据工作流人ID、流程关卡ID和处理人ID查找工作流处理信息
            </summary>
            <param name="workflowId">工作流ID</param>
            <param name="flowCensorshipId">流程关卡ID</param>
            <param name="handleId">处理人ID</param>
            <param name="connectionId">连接ID</param>
            <param name="currUser">当前用户</param>
            <returns>返回信息</returns>
        </member>
        <member name="T:Hzdtf.WorkFlow.Service.Impl.Standard.WorkflowService">
            <summary>
            工作流服务
            @ 黄振东
            </summary>
            <summary>
            工作流服务
            @ 黄振东
            </summary>
        </member>
        <member name="P:Hzdtf.WorkFlow.Service.Impl.Standard.WorkflowService.WorkflowConfigReader">
            <summary>
            工作流配置读取
            </summary>
        </member>
        <member name="P:Hzdtf.WorkFlow.Service.Impl.Standard.WorkflowService.FormDataReaderFactory">
            <summary>
            表单数据读取工厂
            </summary>
        </member>
        <member name="M:Hzdtf.WorkFlow.Service.Impl.Standard.WorkflowService.ExistsByApplyNo(System.String,System.String,Hzdtf.Utility.Standard.Model.BasicUserInfo)">
            <summary>
            根据申请单号判断是否存在
            </summary>
            <param name="applyNo">申请单号</param>
            <param name="connectionId">连接ID</param>
            <returns>申请单号判断是否存在</returns>
            <param name="currUser">当前用户</param>
        </member>
        <member name="M:Hzdtf.WorkFlow.Service.Impl.Standard.WorkflowService.QueryCurrUserWaitHandlePage(System.Int32,System.Int32,Hzdtf.WorkFlow.Model.Standard.Expand.Filter.WaitHandleFilterInfo,System.String,Hzdtf.Utility.Standard.Model.BasicUserInfo)">
            <summary>
            查询当前用户的待办的工作流列表并分页
            </summary>
            <param name="pageIndex">页码</param>
            <param name="pageSize">每页记录数</param>
            <param name="filter">筛选</param>
            <param name="connectionId">连接ID</param>
            <param name="currUser">当前用户</param>
            <returns>返回信息</returns>
        </member>
        <member name="M:Hzdtf.WorkFlow.Service.Impl.Standard.WorkflowService.QueryCurrUserAuditedFlowPage(System.Int32,System.Int32,Hzdtf.WorkFlow.Model.Standard.Expand.Filter.AuditFlowFilterInfo,System.String,Hzdtf.Utility.Standard.Model.BasicUserInfo)">
            <summary>
            查询当前用户的已审核的工作流列表并分页
            </summary>
            <param name="pageIndex">页码</param>
            <param name="pageSize">每页记录数</param>
            <param name="filter">筛选</param>
            <param name="connectionId">连接ID</param>
            <param name="currUser">当前用户</param>
            <returns>返回信息</returns>
        </member>
        <member name="M:Hzdtf.WorkFlow.Service.Impl.Standard.WorkflowService.QueryCurrUserApplyFlowPage(System.Int32,System.Int32,Hzdtf.WorkFlow.Model.Standard.Expand.Filter.ApplyFlowFilterInfo,System.String,Hzdtf.Utility.Standard.Model.BasicUserInfo)">
            <summary>
            查询当前用户的申请的工作流列表并分页
            </summary>
            <param name="pageIndex">页码</param>
            <param name="pageSize">每页记录数</param>
            <param name="filter">筛选</param>
            <param name="connectionId">连接ID</param>
            <param name="currUser">当前用户</param>
            <returns>返回信息</returns>
        </member>
        <member name="M:Hzdtf.WorkFlow.Service.Impl.Standard.WorkflowService.FindContainHandlesAndAllConfigs(System.Int32,System.String,Hzdtf.Utility.Standard.Model.BasicUserInfo)">
            <summary>
            根据ID查找工作流信息且包含处理列表和所有配置信息
            </summary>
            <param name="id">ID</param>
            <param name="connectionId">连接ID</param>
            <param name="currUser">当前用户</param>
            <returns>返回信息</returns>
        </member>
        <member name="M:Hzdtf.WorkFlow.Service.Impl.Standard.WorkflowService.FindAuditDetail(System.Int32,System.Int32,System.String,Hzdtf.Utility.Standard.Model.BasicUserInfo)">
            <summary>
            根据ID查找审核明细信息
            </summary>
            <param name="id">ID</param>
            <param name="handleId">处理ID</param>
            <param name="connectionId">连接ID</param>
            <param name="currUser">当前用户</param>
            <returns>返回信息</returns>
        </member>
        <member name="M:Hzdtf.WorkFlow.Service.Impl.Standard.WorkflowService.FindWaitDetail(System.Int32,System.Int32,System.String,Hzdtf.Utility.Standard.Model.BasicUserInfo)">
            <summary>
            根据ID查找待审核明细信息
            </summary>
            <param name="id">ID</param>
            <param name="handleId">处理ID</param>
            <param name="connectionId">连接ID</param>
            <param name="currUser">当前用户</param>
            <returns>返回信息</returns>
        </member>
        <member name="M:Hzdtf.WorkFlow.Service.Impl.Standard.WorkflowService.FindAuditedDetail(System.Int32,System.Int32,System.String,Hzdtf.Utility.Standard.Model.BasicUserInfo)">
            <summary>
            根据ID查找已审核明细信息
            </summary>
            <param name="id">ID</param>
            <param name="handleId">处理ID</param>
            <param name="connectionId">连接ID</param>
            <param name="currUser">当前用户</param>
            <returns>返回信息</returns>
        </member>
        <member name="M:Hzdtf.WorkFlow.Service.Impl.Standard.WorkflowService.FindCurrUserApplyDetail(System.Int32,System.String,Hzdtf.Utility.Standard.Model.BasicUserInfo)">
            <summary>
            根据ID查找当前用户申请明细信息
            </summary>
            <param name="id">ID</param>
            <param name="connectionId">连接ID</param>
            <param name="currUser">当前用户</param>
            <returns>返回信息</returns>
        </member>
        <member name="T:Hzdtf.WorkFlow.Service.Impl.Standard.FlowService">
            <summary>
            流程服务
            @ 黄振东
            </summary>
        </member>
        <member name="T:Hzdtf.WorkFlow.Service.Impl.Standard.FormService">
            <summary>
            表单服务
            @ 黄振东
            </summary>
        </member>
        <member name="T:Hzdtf.WorkFlow.Service.Impl.Standard.StandardCensorshipService">
            <summary>
            标准关卡服务
            @ 黄振东
            </summary>
        </member>
        <member name="T:Hzdtf.WorkFlow.Service.Impl.Standard.WorkflowUtil">
            <summary>
            工作流辅助类
            @ 黄振东
            </summary>
        </member>
        <member name="M:Hzdtf.WorkFlow.Service.Impl.Standard.WorkflowUtil.CanCurrUserAudit(Hzdtf.WorkFlow.Model.Standard.WorkflowHandleInfo,Hzdtf.Utility.Standard.Model.BasicUserInfo)">
            <summary>
            判断当前用户能否审核
            </summary>
            <param name="workflowHandle">工作流处理</param>
            <param name="currUser">当前用户</param>
            <returns>当前用户能否审核</returns>
        </member>
    </members>
</doc>
