<?xml version="1.0"?>
<doc>
    <assembly>
        <name>Hzdtf.BasicController.Core</name>
    </assembly>
    <members>
        <member name="T:Hzdtf.BasicController.Core.DbController">
            <summary>
            数据库控制器
            @ 黄振东
            </summary>
        </member>
        <member name="M:Hzdtf.BasicController.Core.DbController.CurrConnCount">
            <summary>
            获取当前连接数
            </summary>
            <returns>当前连接数</returns>
        </member>
        <member name="T:Hzdtf.BasicController.Core.IPagingParseFilter">
            <summary>
            分页解析筛选接口
            @ 黄振东
            </summary>
        </member>
        <member name="M:Hzdtf.BasicController.Core.IPagingParseFilter.ToFilterObjectFromHttp``1(Microsoft.AspNetCore.Http.HttpRequest,System.Int32@,System.Int32@)">
            <summary>
            从HTTP请求对象转换为筛选对象
            </summary>
            <typeparam name="PagingFilterObjectT">分页筛选对象类型</typeparam>
            <param name="httpRequest">HTTP请求对象</param>
            <param name="pageIndex">页码（从0开始）</param>
            <param name="pageSize">每页记录数</param>
            <returns>分页筛选对象</returns>
        </member>
        <member name="T:Hzdtf.BasicController.Core.JqGridPagingParseFilter">
            <summary>
            JqGrid分页解析筛选
            @ 黄振东
            </summary>
        </member>
        <member name="M:Hzdtf.BasicController.Core.JqGridPagingParseFilter.ToFilterObjectFromHttp``1(Microsoft.AspNetCore.Http.HttpRequest,System.Int32@,System.Int32@)">
            <summary>
            从HTTP请求对象转换为筛选对象
            </summary>
            <typeparam name="PagingFilterObjectT">分页筛选对象类型</typeparam>
            <param name="httpRequest">HTTP请求对象</param>
            <param name="pageIndex">页码（从0开始）</param>
            <param name="pageSize">每页记录数</param>
            <returns>分页筛选对象</returns>
        </member>
        <member name="T:Hzdtf.BasicController.Core.ManageControllerBase`4">
            <summary>
            管理控制器基类
            @ 黄振东
            </summary>
            <typeparam name="PageInfoT">页面信息类型</typeparam>
            <typeparam name="ModelT">模型类型</typeparam>
            <typeparam name="ServiceT">服务类型</typeparam>
            <typeparam name="PageFilterT">分页筛选类型</typeparam>
        </member>
        <member name="M:Hzdtf.BasicController.Core.ManageControllerBase`4.Get(System.Int32)">
            <summary>
            根据ID查找模型
            </summary>
            <param name="id">ID</param>
            <returns>返回信息</returns>
        </member>
        <member name="M:Hzdtf.BasicController.Core.ManageControllerBase`4.Post(`1)">
            <summary>
            添加模型
            </summary>
            <param name="model">模型</param>
            <returns>返回信息</returns>
        </member>
        <member name="M:Hzdtf.BasicController.Core.ManageControllerBase`4.Put(System.Int32,`1)">
            <summary>
            修改模型
            </summary>
            <param name="id">ID</param>
            <param name="model">模型</param>
            <returns>返回信息</returns>
        </member>
        <member name="M:Hzdtf.BasicController.Core.ManageControllerBase`4.Delete(System.Int32)">
            <summary>
            移除模型
            </summary>
            <param name="id">ID</param>
            <returns>返回信息</returns>
        </member>
        <member name="M:Hzdtf.BasicController.Core.ManageControllerBase`4.BatchAdd(System.Collections.Generic.IList{`1})">
            <summary>
            批量添加模型列表
            </summary>
            <param name="models">模型列表</param>
            <returns>返回信息</returns>
        </member>
        <member name="M:Hzdtf.BasicController.Core.ManageControllerBase`4.BatchRemove(System.Int32[])">
            <summary>
            根据ID集合批量移除模型
            </summary>
            <param name="ids">ID集合</param>
            <returns>返回信息</returns>
        </member>
        <member name="T:Hzdtf.BasicController.Core.PageControllerBase`1">
            <summary>
            页面控制器基类
            @ 黄振东
            </summary>
            <typeparam name="PageInfoT">页面信息类型</typeparam>
        </member>
        <member name="P:Hzdtf.BasicController.Core.PageControllerBase`1.UserService">
            <summary>
            用户服务
            </summary>
        </member>
        <member name="P:Hzdtf.BasicController.Core.PageControllerBase`1.Log">
            <summary>
            日志
            </summary>
        </member>
        <member name="P:Hzdtf.BasicController.Core.PageControllerBase`1.PagingParseFilter">
            <summary>
            分页解析筛选
            </summary>
        </member>
        <member name="P:Hzdtf.BasicController.Core.PageControllerBase`1.PagingReturnConvert">
            <summary>
            分页返回转换
            </summary>
        </member>
        <member name="M:Hzdtf.BasicController.Core.PageControllerBase`1.PageData">
            <summary>
            获取页面数据，包含当前用户所拥有的权限功能列表
            </summary>
            <returns>返回信息</returns>
        </member>
        <member name="M:Hzdtf.BasicController.Core.PageControllerBase`1.MenuCode">
            <summary>
            菜单编码
            </summary>
            <returns>菜单编码</returns>
        </member>
        <member name="M:Hzdtf.BasicController.Core.PageControllerBase`1.CreatePageInfo">
            <summary>
            创建页面信息
            </summary>
            <returns>页面信息</returns>
        </member>
        <member name="M:Hzdtf.BasicController.Core.PageControllerBase`1.AppendPageData(Hzdtf.Utility.Standard.Model.Return.ReturnInfo{`0})">
            <summary>
            追加页面数据
            </summary>
            <param name="returnInfo">返回信息</param>
        </member>
        <member name="T:Hzdtf.BasicController.Core.PagingControllerBase`4">
            <summary>
            分页控制器基类
            @ 黄振东
            </summary>
            <typeparam name="PageInfoT">页面信息类型</typeparam>
            <typeparam name="ModelT">模型类型</typeparam>
            <typeparam name="ServiceT">服务类型</typeparam>
            <typeparam name="PageFilterT">分页筛选类型</typeparam>
        </member>
        <member name="P:Hzdtf.BasicController.Core.PagingControllerBase`4.Service">
            <summary>
            服务
            </summary>
        </member>
        <member name="M:Hzdtf.BasicController.Core.PagingControllerBase`4.Page">
            <summary>
            执行分页获取数据
            </summary>
            <returns>分页返回信息</returns>
        </member>
        <member name="M:Hzdtf.BasicController.Core.PagingControllerBase`4.DoPageAsync">
            <summary>
            异步去分页
            </summary>
            <returns>返回信息任务</returns>
        </member>
        <member name="M:Hzdtf.BasicController.Core.PagingControllerBase`4.QueryPageFromServiceAsync(System.Int32,System.Int32,`3)">
            <summary>
            异步从服务里查询分页
            </summary>
            <param name="pageIndex">页码</param>
            <param name="pageSize">每页记录数</param>
            <param name="filter">筛选</param>
            <returns>返回信息任务</returns>
        </member>
        <member name="M:Hzdtf.BasicController.Core.PagingControllerBase`4.AfterPage(Hzdtf.Utility.Standard.Model.Return.ReturnInfo{Hzdtf.Utility.Standard.Model.Page.PagingInfo{`1}},System.Int32,System.Int32,`3)">
            <summary>
            分页后
            </summary>
            <param name="returnInfo">返回信息</param>
            <param name="pageIndex">页码</param>
            <param name="pageSize">每页记录数</param>
            <param name="filter">筛选</param>
            <returns>返回信息</returns>
        </member>
        <member name="M:Hzdtf.BasicController.Core.PagingControllerBase`4.AppendFilterParams(`3)">
            <summary>
            追加筛选参数
            </summary>
            <param name="pageFilter">分页筛选</param>
        </member>
    </members>
</doc>
