<?xml version="1.0"?>
<doc>
    <assembly>
        <name>Hzdtf.BasicFunction.Persistence.Contract.Std</name>
    </assembly>
    <members>
        <member name="T:Hzdtf.BasicFunction.Persistence.Contract.Standard.IAttachmentPersistence">
            <summary>
            附件持久化接口
            @ 黄振东
            </summary>
            <summary>
            附件持久化接口
            @ 黄振东
            </summary>
        </member>
        <member name="M:Hzdtf.BasicFunction.Persistence.Contract.Standard.IAttachmentPersistence.SelectByOwner(System.Int16,System.Int32,System.String,System.String)">
            <summary>
            根据归属查询附件列表
            </summary>
            <param name="ownerType">归属类型</param>
            <param name="ownerId">归属ID</param>
            <param name="blurTitle">模糊标题</param>
            <param name="connectionId">连接ID</param>
            <returns>附件列表</returns>
        </member>
        <member name="M:Hzdtf.BasicFunction.Persistence.Contract.Standard.IAttachmentPersistence.CountByOwner(System.Int16,System.Int32,System.String,System.String)">
            <summary>
            根据归属查询统计附件个数
            </summary>
            <param name="ownerType">归属类型</param>
            <param name="ownerId">归属ID</param>
            <param name="blurTitle">模糊标题</param>
            <param name="connectionId">连接ID</param>
            <returns>附件个数</returns>
        </member>
        <member name="M:Hzdtf.BasicFunction.Persistence.Contract.Standard.IAttachmentPersistence.DeleteByOwner(System.Int16,System.Int32,System.String)">
            <summary>
            根据归属删除
            </summary>
            <param name="ownerType">归属类型</param>
            <param name="ownerId">归属ID</param>
            <param name="connectionId">连接ID</param>
            <returns>影响行数</returns>
        </member>
        <member name="T:Hzdtf.BasicFunction.Persistence.Contract.Standard.IDataDictionaryItemExpandPersistence">
            <summary>
            数据字典子项扩展持久化接口
            @ 黄振东
            </summary>
            <summary>
            数据字典子项扩展持久化接口
            @ 黄振东
            </summary>
        </member>
        <member name="M:Hzdtf.BasicFunction.Persistence.Contract.Standard.IDataDictionaryItemExpandPersistence.SelectByDataDictionaryItemId(System.Int32,System.String)">
            <summary>
            根据数据字典子项ID查询数据字典子项扩展列表
            </summary>
            <param name="dataDictionaryItemId">数据字典子项ID</param>
            <param name="connectionId">连接ID</param>
            <returns>数据字典子项扩展列表</returns>
        </member>
        <member name="T:Hzdtf.BasicFunction.Persistence.Contract.Standard.IDataDictionaryItemPersistence">
            <summary>
            数据字典子项持久化接口
            @ 黄振东
            </summary>
            <summary>
            数据字典子项持久化接口
            @ 黄振东
            </summary>
        </member>
        <member name="M:Hzdtf.BasicFunction.Persistence.Contract.Standard.IDataDictionaryItemPersistence.CountByDataItemIdAndText(System.Int32,System.String,System.String)">
            <summary>
            根据数据字典ID和文本统计个数
            </summary>
            <param name="dataDictionaryId">数据字典ID</param>
            <param name="text">文本</param>
            <param name="connectionId">连接ID</param>
            <returns>个数</returns>
        </member>
        <member name="M:Hzdtf.BasicFunction.Persistence.Contract.Standard.IDataDictionaryItemPersistence.CountByDataItemIdAndTextNotId(System.Int32,System.Int32,System.String,System.String)">
            <summary>
            根据数据字典ID和文本统计个数，但排除ID
            </summary>
            <param name="notId">排除ID</param>
            <param name="dataDictionaryId">数据字典ID</param>
            <param name="text">文本</param>
            <param name="connectionId">连接ID</param>
            <returns>个数</returns>
        </member>
        <member name="M:Hzdtf.BasicFunction.Persistence.Contract.Standard.IDataDictionaryItemPersistence.SelectByDataDictionaryId(System.Int32,System.String)">
            <summary>
            根据数据字典ID查询数据字典子项列表
            </summary>
            <param name="dataDictionaryId">数据字典ID</param>
            <param name="connectionId">连接ID</param>
            <returns>数据字典子项列表</returns>
        </member>
        <member name="M:Hzdtf.BasicFunction.Persistence.Contract.Standard.IDataDictionaryItemPersistence.SelectByDataDictionaryCode(System.String,System.String)">
            <summary>
            根据数据字典编码查询数据字典子项列表
            </summary>
            <param name="dataDictionaryCode">数据字典编码</param>
            <param name="connectionId">连接ID</param>
            <returns>数据字典子项列表</returns>
        </member>
        <member name="T:Hzdtf.BasicFunction.Persistence.Contract.Standard.IMenuPersistence">
            <summary>
            菜单持久化
            @ 黄振东
            </summary>
            <summary>
            菜单持久化接口
            @ 黄振东
            </summary>
        </member>
        <member name="M:Hzdtf.BasicFunction.Persistence.Contract.Standard.IMenuPersistence.SelectByUserId(System.Int32,System.String)">
            <summary>
            根据用户ID查询具有权限的菜单列表
            </summary>
            <param name="userId">用户ID</param>
            <param name="connectionId">连接ID</param>
            <returns>菜单列表</returns>
        </member>
        <member name="M:Hzdtf.BasicFunction.Persistence.Contract.Standard.IMenuPersistence.SelectByRoleIds(System.Int32[],System.String)">
            <summary>
            根据角色ID集合查询具有权限的菜单列表
            </summary>
            <param name="roleIds">角色ID集合</param>
            <param name="connectionId">连接ID</param>
            <returns>菜单列表</returns>
        </member>
        <member name="M:Hzdtf.BasicFunction.Persistence.Contract.Standard.IMenuPersistence.SelectContainsFunctions(System.String)">
            <summary>
            查询所有菜单列表，包含所属的功能列表
            </summary>
            <param name="connectionId">连接ID</param>
            <returns>菜单列表</returns>
        </member>
        <member name="T:Hzdtf.BasicFunction.Persistence.Contract.Standard.IRoleMenuFunctionPersistence">
            <summary>
            角色菜单持久化接口
            @ 黄振东
            </summary>
            <summary>
            角色菜单功能持久化接口
            @ 黄振东
            </summary>
        </member>
        <member name="M:Hzdtf.BasicFunction.Persistence.Contract.Standard.IRoleMenuFunctionPersistence.CountByMenuCodeAndFunctionCodesAndRoleIds(System.String,System.String[],System.Int32[],System.String)">
            <summary>
            根据菜单编码、功能编码集合和角色ID集合统计个数
            </summary>
            <param name="menuCode">菜单编码</param>
            <param name="functionCodes">功能编码集合</param>
            <param name="roleIds">角色ID集合</param>
            <param name="connectionId">连接ID</param>
            <returns>个数</returns>
        </member>
        <member name="M:Hzdtf.BasicFunction.Persistence.Contract.Standard.IRoleMenuFunctionPersistence.SelectFunctionsByMenuCodeAndRoleIds(System.String,System.Int32[],System.String)">
            <summary>
            根据菜单编码和角色ID集合查询功能信息列表
            </summary>
            <param name="menuCode">菜单编码</param>
            <param name="roleIds">角色ID集合</param>
            <param name="connectionId">连接ID</param>
            <returns>功能信息列表</returns>
        </member>
        <member name="M:Hzdtf.BasicFunction.Persistence.Contract.Standard.IRoleMenuFunctionPersistence.SelectMenuFunctionsByRoleId(System.Int32,System.String)">
            <summary>
            根据角色ID查询菜单功能信息列表
            </summary>
            <param name="roleId">角色ID</param>
            <param name="connectionId">连接ID</param>
            <returns>菜单功能信息列表</returns>
        </member>
        <member name="M:Hzdtf.BasicFunction.Persistence.Contract.Standard.IRoleMenuFunctionPersistence.DeleteByRoleId(System.Int32,System.String)">
            <summary>
            根据用户ID删除
            </summary>
            <param name="roleId">角色ID</param>
            <param name="connectionId">连接ID</param>
            <returns>影响行数</returns>
        </member>
        <member name="T:Hzdtf.BasicFunction.Persistence.Contract.Standard.IRolePersistence">
            <summary>
            角色持久化接口
            @ 黄振东
            </summary>
            <summary>
            角色持久化接口
            @ 黄振东
            </summary>
        </member>
        <member name="M:Hzdtf.BasicFunction.Persistence.Contract.Standard.IRolePersistence.SelelctByCodeOrName(System.String,System.String,System.String)">
            <summary>
            根据编码或名称查询角色列表
            </summary>
            <param name="code">编码</param>
            <param name="name">名称</param>
            <param name="connectionId">连接ID</param>
            <returns>角色列表</returns>
        </member>
        <member name="M:Hzdtf.BasicFunction.Persistence.Contract.Standard.IRolePersistence.SelelctByCodeOrNameNotId(System.String,System.String,System.Int32,System.String)">
            <summary>
            根据编码或名称查询角色列表，但排除ID
            </summary>
            <param name="code">编码</param>
            <param name="name">名称</param>
            <param name="notId">排除ID</param>
            <param name="connectionId">连接ID</param>
            <returns>角色列表</returns>
        </member>
        <member name="M:Hzdtf.BasicFunction.Persistence.Contract.Standard.IRolePersistence.SelectAndNotSystemHide(System.String)">
            <summary>
            查询角色列表并去掉系统隐藏
            </summary>
            <param name="connectionId">连接ID</param>
            <returns>角色列表</returns>
        </member>
        <member name="M:Hzdtf.BasicFunction.Persistence.Contract.Standard.IRolePersistence.SelectByFilter(Hzdtf.Utility.Standard.Model.KeywordFilterInfo,System.String)">
            <summary>
            根据筛选条件查询角色列表
            </summary>
            <param name="filter">筛选</param>
            <param name="connectionId">连接ID</param>
            <returns>角色列表</returns>
        </member>
        <member name="T:Hzdtf.BasicFunction.Persistence.Contract.Standard.ISequencePersistence">
            <summary>
            序列持久化接口
            @ 黄振东
            </summary>
            <summary>
            序列持久化接口
            @ 黄振东
            </summary>
        </member>
        <member name="M:Hzdtf.BasicFunction.Persistence.Contract.Standard.ISequencePersistence.SelectBySeqType(System.String,System.String)">
            <summary>
            根据序列类型查询序列信息
            </summary>
            <param name="seqType">序列类型</param>
            <param name="connectionId">连接ID</param>
            <returns>序列信息</returns>
        </member>
        <member name="M:Hzdtf.BasicFunction.Persistence.Contract.Standard.ISequencePersistence.UpdateIncrementById(Hzdtf.BasicFunction.Model.Standard.SequenceInfo,System.String)">
            <summary>
            根据ID更新增量
            </summary>
            <param name="sequenceInfo">序列信息</param>
            <param name="connectionId">连接ID</param>
            <returns>影响行数</returns>
        </member>
        <member name="T:Hzdtf.BasicFunction.Persistence.Contract.Standard.IUserMenuFunctionPersistence">
            <summary>
            用户菜单持久化接口
            @ 黄振东
            </summary>
            <summary>
            用户菜单功能持久化接口
            @ 黄振东
            </summary>
        </member>
        <member name="M:Hzdtf.BasicFunction.Persistence.Contract.Standard.IUserMenuFunctionPersistence.CountByMenuCodeAndFunctionCodesAndUserId(System.String,System.String[],System.Int32,System.String)">
            <summary>
            根据菜单编码、功能编码集合和用户ID统计个数
            </summary>
            <param name="menuCode">菜单编码</param>
            <param name="functionCodes">功能编码集合</param>
            <param name="userId">用户ID</param>
            <param name="connectionId">连接ID</param>
            <returns>个数</returns>
        </member>
        <member name="M:Hzdtf.BasicFunction.Persistence.Contract.Standard.IUserMenuFunctionPersistence.SelectFunctionsByMenuCodeAndUserId(System.String,System.Int32,System.String)">
            <summary>
            根据菜单编码和用户ID查询功能信息列表
            </summary>
            <param name="menuCode">菜单编码</param>
            <param name="userId">用户ID</param>
            <param name="connectionId">连接ID</param>
            <returns>功能信息列表</returns>
        </member>
        <member name="T:Hzdtf.BasicFunction.Persistence.Contract.Standard.IUserRolePersistence">
            <summary>
            用户角色持久化接口
            @ 黄振东
            </summary>
            <summary>
            用户角色持久化接口
            @ 黄振东
            </summary>
        </member>
        <member name="M:Hzdtf.BasicFunction.Persistence.Contract.Standard.IUserRolePersistence.SelectRolesByUserId(System.Int32,System.String)">
            <summary>
            根据用户ID查询角色列表
            </summary>
            <param name="userId">用户ID</param>
            <param name="connectionId">连接ID</param>
            <returns>角色列表</returns>
        </member>
        <member name="M:Hzdtf.BasicFunction.Persistence.Contract.Standard.IUserRolePersistence.SelectContainsRoleByUserIds(System.Int32[],System.String)">
            <summary>
            根据用户ID集合查询用户角色列表，包含角色信息
            </summary>
            <param name="userIds">用户ID集合</param>
            <param name="connectionId">连接ID</param>
            <returns>用户角色列表</returns>
        </member>
        <member name="M:Hzdtf.BasicFunction.Persistence.Contract.Standard.IUserRolePersistence.DeleteByUserId(System.Int32,System.String)">
            <summary>
            根据用户ID删除
            </summary>
            <param name="userId">用户ID</param>
            <param name="connectionId">连接ID</param>
            <returns>影响行数</returns>
        </member>
        <member name="M:Hzdtf.BasicFunction.Persistence.Contract.Standard.IUserRolePersistence.SelectUsersByRoleId(System.Int32,System.String)">
            <summary>
            根据角色ID查询用户列表
            </summary>
            <param name="roleId">角色ID</param>
            <param name="connectionId">连接ID</param>
            <returns>用户列表</returns>
        </member>
        <member name="M:Hzdtf.BasicFunction.Persistence.Contract.Standard.IUserRolePersistence.SelectUsersByRoleCode(System.String,System.String)">
            <summary>
            根据角色编码查询用户列表
            </summary>
            <param name="roleCode">角色编码</param>
            <param name="connectionId">连接ID</param>
            <returns>用户列表</returns>
        </member>
        <member name="T:Hzdtf.BasicFunction.Persistence.Contract.Standard.IUserPersistence">
            <summary>
            用户持久化接口
            @ 黄振东
            </summary>
            <summary>
            用户持久化接口
            @ 黄振东
            </summary>
        </member>
        <member name="M:Hzdtf.BasicFunction.Persistence.Contract.Standard.IUserPersistence.SelectByLoginIdAndPassword(System.String,System.String,System.String)">
            <summary>
            根据登录ID和密码查询用户信息
            </summary>
            <param name="loginId">登录ID</param>
            <param name="password">密码</param>
            <param name="connectionId">连接ID</param>
            <returns>用户信息</returns>
        </member>
        <member name="M:Hzdtf.BasicFunction.Persistence.Contract.Standard.IUserPersistence.UpdatePasswordById(Hzdtf.BasicFunction.Model.Standard.UserInfo,System.String)">
            <summary>
            根据ID更新密码
            </summary>
            <param name="user">用户</param>
            <param name="connectionId">连接ID</param>
            <returns>影响行数</returns>
        </member>
        <member name="M:Hzdtf.BasicFunction.Persistence.Contract.Standard.IUserPersistence.SelectByLoginIdOrCodeOrName(System.String,System.String,System.String,System.String)">
            <summary>
            根据登录ID或编码或名称查询用户信息
            </summary>
            <param name="loginId">登录ID</param>
            <param name="code">编码</param>
            <param name="name">名称</param>
            <param name="connectionId">连接ID</param>
            <returns>用户信息</returns>
        </member>
        <member name="M:Hzdtf.BasicFunction.Persistence.Contract.Standard.IUserPersistence.SelectByLoginIdOrCodeOrNameNotId(System.Int32,System.String,System.String,System.String,System.String)">
            <summary>
            根据登录ID或编码或名称查询用户信息，但排除ID
            </summary>
            <param name="notId">排除ID</param>
            <param name="loginId">登录ID</param>
            <param name="code">编码</param>
            <param name="name">名称</param>
            <param name="connectionId">连接ID</param>
            <returns>用户信息</returns>
        </member>
        <member name="M:Hzdtf.BasicFunction.Persistence.Contract.Standard.IUserPersistence.SelectByFilter(Hzdtf.BasicFunction.Model.Standard.Expand.User.UserFilterInfo,System.String)">
            <summary>
            根据筛选条件查询用户列表
            </summary>
            <param name="filter">筛选</param>
            <param name="connectionId">连接ID</param>
            <returns>用户列表</returns>
        </member>
        <member name="T:Hzdtf.BasicFunction.Persistence.Contract.Standard.IDataDictionaryPersistence">
            <summary>
            数据字典持久化接口
            @ 黄振东
            </summary>
        </member>
        <member name="T:Hzdtf.BasicFunction.Persistence.Contract.Standard.IFunctionPersistence">
            <summary>
            功能持久化接口
            @ 黄振东
            </summary>
        </member>
        <member name="T:Hzdtf.BasicFunction.Persistence.Contract.Standard.IMenuFunctionPersistence">
            <summary>
            菜单功能持久化接口
            @ 黄振东
            </summary>
        </member>
    </members>
</doc>
