<?xml version="1.0"?>
<doc>
    <assembly>
        <name>Hzdtf.Redis.Extend.Standard</name>
    </assembly>
    <members>
        <member name="T:Hzdtf.Redis.Extend.Standard.BatchExtend">
            <summary>
            批量扩展类
            @ 黄振东
            </summary>
        </member>
        <member name="M:Hzdtf.Redis.Extend.Standard.BatchExtend.ObjectSetAsync(StackExchange.Redis.IBatch,StackExchange.Redis.RedisKey,System.Object,System.Nullable{System.TimeSpan},StackExchange.Redis.CommandFlags)">
            <summary>
            对象设置
            </summary>
            <param name="batch">批量</param>
            <param name="key">键</param>
            <param name="value">值</param>
            <param name="expiry">时间间隔</param>
            <param name="flags">命令标记</param>
            <returns>任务</returns>
        </member>
        <member name="T:Hzdtf.Redis.Extend.Standard.ConnectionMultiplexerExtend">
            <summary>
            连接转换器扩展类
            @ 黄振东
            </summary>
        </member>
        <member name="M:Hzdtf.Redis.Extend.Standard.ConnectionMultiplexerExtend.LockTake(StackExchange.Redis.IConnectionMultiplexer,StackExchange.Redis.RedisKey,System.Action,System.Int32,System.Int32,StackExchange.Redis.CommandFlags)">
            <summary>
            锁住可用的资源，此方法是发布订阅模式，性能较好，推荐使用
            </summary>
            <param name="connectionMultiplexer">连接转换器，此处的连接器必须是可写的DB</param>
            <param name="key">键</param>
            <param name="action">动作</param>
            <param name="dbIndex">数据库索引</param>
            <param name="timeoutMilliSecond">超时毫秒，默认为5秒</param>
            <param name="flags">命令标记</param>
        </member>
        <member name="M:Hzdtf.Redis.Extend.Standard.ConnectionMultiplexerExtend.ExecLockAction(StackExchange.Redis.ISubscriber,StackExchange.Redis.IDatabase,StackExchange.Redis.RedisKey,System.Action,StackExchange.Redis.CommandFlags)">
            <summary>
            执行锁住后的动作
            </summary>
            <param name="subscriber">订阅者</param>
            <param name="db">数据库</param>
            <param name="key">键</param>
            <param name="action">动作</param>
            <param name="flags">命令标记</param>
        </member>
        <member name="T:Hzdtf.Redis.Extend.Standard.ConnectionMultiplexerManager">
            <summary>
            连接转接管理器
            @ 黄振东
            </summary>
        </member>
        <member name="P:Hzdtf.Redis.Extend.Standard.ConnectionMultiplexerManager.RedisConfigOptionParse">
            <summary>
            Redis配置选项解析
            </summary>
        </member>
        <member name="F:Hzdtf.Redis.Extend.Standard.ConnectionMultiplexerManager.dicConnMultis">
            <summary>
            连接转接器字典（Key：连接键，Value：连接转接器）
            </summary>
        </member>
        <member name="F:Hzdtf.Redis.Extend.Standard.ConnectionMultiplexerManager.syncDicConnMultis">
            <summary>
            同步连接转接器字典
            </summary>
        </member>
        <member name="F:Hzdtf.Redis.Extend.Standard.ConnectionMultiplexerManager._RedisConfigOptions">
            <summary>
            Redis配置选项
            </summary>
        </member>
        <member name="P:Hzdtf.Redis.Extend.Standard.ConnectionMultiplexerManager.RedisConfigOptions">
            <summary>
            Redis配置选项
            </summary>
        </member>
        <member name="M:Hzdtf.Redis.Extend.Standard.ConnectionMultiplexerManager.GetDatabase(System.String,System.Int32)">
            <summary>
            获取数据库
            </summary>
            <param name="connKey">连接键</param>
            <param name="db">数据库索引</param>
            <returns>数据库</returns>
        </member>
        <member name="M:Hzdtf.Redis.Extend.Standard.ConnectionMultiplexerManager.Close(System.String)">
            <summary>
            关闭连接
            </summary>
            <param name="connKey">连接键</param>
        </member>
        <member name="M:Hzdtf.Redis.Extend.Standard.ConnectionMultiplexerManager.CloseAll">
            <summary>
            关闭所有连接
            </summary>
        </member>
        <member name="M:Hzdtf.Redis.Extend.Standard.ConnectionMultiplexerManager.GetConnectionMultiplexer(System.String)">
            <summary>
            根据连接键获取连接转接器
            </summary>
            <param name="connKey">连接键</param>
            <returns>连接转接器</returns>
        </member>
        <member name="M:Hzdtf.Redis.Extend.Standard.ConnectionMultiplexerManager.Dispose">
            <summary>
            释放资源
            </summary>
        </member>
        <member name="M:Hzdtf.Redis.Extend.Standard.ConnectionMultiplexerManager.Finalize">
            <summary>
            析构方法
            </summary>
        </member>
        <member name="T:Hzdtf.Redis.Extend.Standard.DatabaseExtend">
            <summary>
            数据库扩展类
            @ 黄振东
            </summary>
        </member>
        <member name="M:Hzdtf.Redis.Extend.Standard.DatabaseExtend.ObjectSet(StackExchange.Redis.IDatabase,StackExchange.Redis.RedisKey,System.Object,System.Nullable{System.TimeSpan},StackExchange.Redis.CommandFlags)">
            <summary>
            对象设置
            </summary>
            <param name="db">数据库</param>
            <param name="key">键</param>
            <param name="value">值</param>
            <param name="expiry">时间间隔</param>
            <param name="flags">命令标记</param>
        </member>
        <member name="M:Hzdtf.Redis.Extend.Standard.DatabaseExtend.ObjectSetAsync(StackExchange.Redis.IDatabase,StackExchange.Redis.RedisKey,System.Object,System.Nullable{System.TimeSpan},StackExchange.Redis.CommandFlags)">
            <summary>
            异步对象设置
            </summary>
            <param name="db">数据库</param>
            <param name="key">键</param>
            <param name="value">值</param>
            <param name="expiry">时间间隔</param>
            <param name="flags">命令标记</param>
            <returns>任务</returns>
        </member>
        <member name="M:Hzdtf.Redis.Extend.Standard.DatabaseExtend.ObjectGet``1(StackExchange.Redis.IDatabase,StackExchange.Redis.RedisKey,StackExchange.Redis.CommandFlags)">
            <summary>
            对象获取
            </summary>
            <typeparam name="T">对象类型</typeparam>
            <param name="db">数据库</param>
            <param name="key">键</param>
            <param name="flags">命令标记</param>
            <returns>对象</returns>
        </member>
        <member name="M:Hzdtf.Redis.Extend.Standard.DatabaseExtend.ObjectGetAsync``1(StackExchange.Redis.IDatabase,StackExchange.Redis.RedisKey,StackExchange.Redis.CommandFlags)">
            <summary>
            异步对象获取
            </summary>
            <typeparam name="T">对象类型</typeparam>
            <param name="db">数据库</param>
            <param name="key">键</param>
            <param name="flags">命令标记</param>
            <returns>任务</returns>
        </member>
        <member name="M:Hzdtf.Redis.Extend.Standard.DatabaseExtend.JsonObjectSet(StackExchange.Redis.IDatabase,StackExchange.Redis.RedisKey,System.Object,System.Nullable{System.TimeSpan},StackExchange.Redis.CommandFlags)">
            <summary>
            Json对象设置
            </summary>
            <param name="db">数据库</param>
            <param name="key">键</param>
            <param name="value">值</param>
            <param name="expiry">时间间隔</param>
            <param name="flags">命令标记</param>
        </member>
        <member name="M:Hzdtf.Redis.Extend.Standard.DatabaseExtend.JsonObjectSetAsync(StackExchange.Redis.IDatabase,StackExchange.Redis.RedisKey,System.Object,System.Nullable{System.TimeSpan},StackExchange.Redis.CommandFlags)">
            <summary>
            Json异步对象设置
            </summary>
            <param name="db">数据库</param>
            <param name="key">键</param>
            <param name="value">值</param>
            <param name="expiry">时间间隔</param>
            <param name="flags">命令标记</param>
            <returns>任务</returns>
        </member>
        <member name="M:Hzdtf.Redis.Extend.Standard.DatabaseExtend.JsonObjectGet``1(StackExchange.Redis.IDatabase,StackExchange.Redis.RedisKey,StackExchange.Redis.CommandFlags)">
            <summary>
            Json对象获取
            </summary>
            <typeparam name="T">对象类型</typeparam>
            <param name="db">数据库</param>
            <param name="key">键</param>
            <param name="flags">命令标记</param>
            <returns>对象</returns>
        </member>
        <member name="M:Hzdtf.Redis.Extend.Standard.DatabaseExtend.JsonObjectGetAsync``1(StackExchange.Redis.IDatabase,StackExchange.Redis.RedisKey,StackExchange.Redis.CommandFlags)">
            <summary>
            Json异步对象获取
            </summary>
            <typeparam name="T">对象类型</typeparam>
            <param name="db">数据库</param>
            <param name="key">键</param>
            <param name="flags">命令标记</param>
            <returns>任务</returns>
        </member>
        <member name="M:Hzdtf.Redis.Extend.Standard.DatabaseExtend.LockTake(StackExchange.Redis.IDatabase,StackExchange.Redis.RedisKey,System.Action,System.Int32,StackExchange.Redis.CommandFlags)">
            <summary>
            锁住可用的资源，默认5秒超时，因是主动轮询机制，性能较差
            </summary>
            <param name="db">数据库</param>
            <param name="key">键</param>
            <param name="action">动作</param>
            <param name="retryIntervalMillisecond">重试间隔毫秒数</param>
            <param name="flags">命令标记</param>
        </member>
        <member name="M:Hzdtf.Redis.Extend.Standard.DatabaseExtend.LockTake(StackExchange.Redis.IDatabase,StackExchange.Redis.RedisKey,System.Action,System.TimeSpan,System.Int32,StackExchange.Redis.CommandFlags)">
            <summary>
            锁住可用的资源，因是主动轮询机制，性能较差
            </summary>
            <param name="db">数据库</param>
            <param name="key">键</param>
            <param name="expiry">时间间隔</param>
            <param name="action">动作</param>
            <param name="retryIntervalMillisecond">重试间隔毫秒数</param>
            <param name="flags">命令标记</param>
        </member>
        <member name="M:Hzdtf.Redis.Extend.Standard.DatabaseExtend.LockTake(StackExchange.Redis.IDatabase,StackExchange.Redis.RedisKey,StackExchange.Redis.RedisValue,System.Action,System.Int32,StackExchange.Redis.CommandFlags)">
            <summary>
            锁住可用的资源，默认5秒超时，因是主动轮询机制，性能较差
            </summary>
            <param name="db">数据库</param>
            <param name="key">键</param>
            <param name="value">值</param>
            <param name="action">动作</param>
            <param name="retryIntervalMillisecond">重试间隔毫秒数</param>
            <param name="flags">命令标记</param>
        </member>
        <member name="M:Hzdtf.Redis.Extend.Standard.DatabaseExtend.LockTake(StackExchange.Redis.IDatabase,StackExchange.Redis.RedisKey,StackExchange.Redis.RedisValue,System.Action,System.TimeSpan,System.Int32,StackExchange.Redis.CommandFlags)">
            <summary>
            锁住可用的资源，因是主动轮询机制，性能较差
            </summary>
            <param name="db">数据库</param>
            <param name="key">键</param>
            <param name="value">值</param>
            <param name="expiry">时间间隔</param>
            <param name="action">动作</param>
            <param name="retryIntervalMillisecond">重试间隔毫秒数</param>
            <param name="flags">命令标记</param>
        </member>
        <member name="T:Hzdtf.Redis.Extend.Standard.IConnectionMultiplexerManager">
            <summary>
            连接转接管理器接口
            @ 黄振东
            </summary>
        </member>
        <member name="M:Hzdtf.Redis.Extend.Standard.IConnectionMultiplexerManager.GetDatabase(System.String,System.Int32)">
            <summary>
            获取数据库
            </summary>
            <param name="connKey">连接键</param>
            <param name="db">数据库索引</param>
            <returns>数据库</returns>
        </member>
        <member name="M:Hzdtf.Redis.Extend.Standard.IConnectionMultiplexerManager.Close(System.String)">
            <summary>
            关闭连接
            </summary>
            <param name="connKey">连接键</param>
        </member>
        <member name="M:Hzdtf.Redis.Extend.Standard.IConnectionMultiplexerManager.CloseAll">
            <summary>
            关闭所有连接
            </summary>
        </member>
        <member name="M:Hzdtf.Redis.Extend.Standard.IConnectionMultiplexerManager.GetConnectionMultiplexer(System.String)">
            <summary>
            根据连接键获取连接转接器
            </summary>
            <param name="connKey">连接键</param>
            <returns>连接转接器</returns>
        </member>
        <member name="T:Hzdtf.Redis.Extend.Standard.IRedisConfigOptionParse">
            <summary>
            Redis配置选项解析接口
            @ 黄振东
            </summary>
        </member>
        <member name="M:Hzdtf.Redis.Extend.Standard.IRedisConfigOptionParse.Parse">
            <summary>
            解析
            </summary>
            <returns>Redis配置选项</returns>
        </member>
        <member name="T:Hzdtf.Redis.Extend.Standard.RedisConfigOptions">
            <summary>
            Redis配置选项
            @ 黄振东
            </summary>
        </member>
        <member name="P:Hzdtf.Redis.Extend.Standard.RedisConfigOptions.ConnectionEncrypt">
            <summary>
            连接加密
            </summary>
        </member>
        <member name="P:Hzdtf.Redis.Extend.Standard.RedisConfigOptions.Connections">
            <summary>
            连接字典
            </summary>
        </member>
        <member name="M:Hzdtf.Redis.Extend.Standard.RedisConfigOptions.Get(System.String)">
            <summary>
            根据键获取连接选项
            </summary>
            <param name="key">键，如果为空则默认选择第1个</param>
            <returns>连接选项</returns>
        </member>
        <member name="M:Hzdtf.Redis.Extend.Standard.RedisConfigOptions.GetPlaintextConnectionString(System.String)">
            <summary>
            获取明文连接字符串
            </summary>
            <param name="connectionString">连接字符串</param>
            <returns>明文连接字符串</returns>
        </member>
        <member name="T:Hzdtf.Redis.Extend.Standard.RedisConnectionOptions">
            <summary>
            Redis连接选项
            @ 黄振东
            </summary>
        </member>
        <member name="P:Hzdtf.Redis.Extend.Standard.RedisConnectionOptions.Key">
            <summary>
            键
            </summary>
        </member>
        <member name="P:Hzdtf.Redis.Extend.Standard.RedisConnectionOptions.ConnectionString">
            <summary>
            连接字符串
            </summary>
        </member>
        <member name="T:Hzdtf.Redis.Extend.Standard.RedisUtil">
            <summary>
            Redis辅助类
            @ 黄振东
            </summary>
        </member>
        <member name="M:Hzdtf.Redis.Extend.Standard.RedisUtil.ToHashEntrys(System.Object)">
            <summary>
            将对象属性转换为哈希键值对数组
            </summary>
            <param name="obj">对象</param>
            <returns>哈希键值对数组</returns>
        </member>
        <member name="M:Hzdtf.Redis.Extend.Standard.RedisUtil.FromHashEntrys``1(StackExchange.Redis.HashEntry[])">
            <summary>
            从哈希键值对数组转换为对象
            </summary>
            <typeparam name="T">对象类型</typeparam>
            <param name="hashEntries">哈希键值对数组</param>
            <returns>对象</returns>
        </member>
    </members>
</doc>
